sample_id,safe_id,word_idx,word
-3g5yACwYnA$_$13,-3g5yACwYnA__13,0,They've
-3g5yACwYnA$_$13,-3g5yACwYnA__13,1,been
-3g5yACwYnA$_$13,-3g5yACwYnA__13,2,able
-3g5yACwYnA$_$13,-3g5yACwYnA__13,3,to
-3g5yACwYnA$_$13,-3g5yACwYnA__13,4,find
-3g5yACwYnA$_$13,-3g5yACwYnA__13,5,solutions
-3g5yACwYnA$_$13,-3g5yACwYnA__13,6,or
-3g5yACwYnA$_$13,-3g5yACwYnA__13,7,at
-3g5yACwYnA$_$13,-3g5yACwYnA__13,8,least
-3g5yACwYnA$_$13,-3g5yACwYnA__13,9,bring
-3g5yACwYnA$_$13,-3g5yACwYnA__13,10,some
-3g5yACwYnA$_$13,-3g5yACwYnA__13,11,answers
-3g5yACwYnA$_$13,-3g5yACwYnA__13,12,to
-3g5yACwYnA$_$13,-3g5yACwYnA__13,13,the
-3g5yACwYnA$_$13,-3g5yACwYnA__13,14,table
-3g5yACwYnA$_$3,-3g5yACwYnA__3,0,We're
-3g5yACwYnA$_$3,-3g5yACwYnA__3,1,a
-3g5yACwYnA$_$3,-3g5yACwYnA__3,2,huge
-3g5yACwYnA$_$3,-3g5yACwYnA__3,3,user
-3g5yACwYnA$_$3,-3g5yACwYnA__3,4,of
-3g5yACwYnA$_$3,-3g5yACwYnA__3,5,adhesives
-3g5yACwYnA$_$3,-3g5yACwYnA__3,6,for
-3g5yACwYnA$_$3,-3g5yACwYnA__3,7,our
-3g5yACwYnA$_$3,-3g5yACwYnA__3,8,operation
-3g5yACwYnA$_$3,-3g5yACwYnA__3,9,called
-3g5yACwYnA$_$3,-3g5yACwYnA__3,10,flocking
-3g5yACwYnA$_$3,-3g5yACwYnA__3,11,and
-3g5yACwYnA$_$3,-3g5yACwYnA__3,12,we
-3g5yACwYnA$_$3,-3g5yACwYnA__3,13,don't
-3g5yACwYnA$_$3,-3g5yACwYnA__3,14,have
-3g5yACwYnA$_$3,-3g5yACwYnA__3,15,the
-3g5yACwYnA$_$3,-3g5yACwYnA__3,16,technical
-3g5yACwYnA$_$3,-3g5yACwYnA__3,17,inside
-3g5yACwYnA$_$3,-3g5yACwYnA__3,18,compounding
-3g5yACwYnA$_$3,-3g5yACwYnA__3,19,or
-3g5yACwYnA$_$3,-3g5yACwYnA__3,20,the
-3g5yACwYnA$_$3,-3g5yACwYnA__3,21,technical
-3g5yACwYnA$_$3,-3g5yACwYnA__3,22,expertise
-3g5yACwYnA$_$3,-3g5yACwYnA__3,23,to
-3g5yACwYnA$_$3,-3g5yACwYnA__3,24,do
-3g5yACwYnA$_$3,-3g5yACwYnA__3,25,these
-3g5yACwYnA$_$3,-3g5yACwYnA__3,26,types
-3g5yACwYnA$_$3,-3g5yACwYnA__3,27,of
-3g5yACwYnA$_$3,-3g5yACwYnA__3,28,things
-3g5yACwYnA$_$2,-3g5yACwYnA__2,0,Key
-3g5yACwYnA$_$2,-3g5yACwYnA__2,1,Polymer
-3g5yACwYnA$_$2,-3g5yACwYnA__2,2,brings
-3g5yACwYnA$_$2,-3g5yACwYnA__2,3,a
-3g5yACwYnA$_$2,-3g5yACwYnA__2,4,technical
-3g5yACwYnA$_$2,-3g5yACwYnA__2,5,aspect
-3g5yACwYnA$_$2,-3g5yACwYnA__2,6,to
-3g5yACwYnA$_$2,-3g5yACwYnA__2,7,our
-3g5yACwYnA$_$2,-3g5yACwYnA__2,8,operation
-3g5yACwYnA$_$2,-3g5yACwYnA__2,9,that
-3g5yACwYnA$_$2,-3g5yACwYnA__2,10,we
-3g5yACwYnA$_$2,-3g5yACwYnA__2,11,don't
-3g5yACwYnA$_$2,-3g5yACwYnA__2,12,have
-3g5yACwYnA$_$2,-3g5yACwYnA__2,13,internally
-3g5yACwYnA$_$9,-3g5yACwYnA__9,0,We
-3g5yACwYnA$_$9,-3g5yACwYnA__9,1,have
-3g5yACwYnA$_$9,-3g5yACwYnA__9,2,many
-3g5yACwYnA$_$9,-3g5yACwYnA__9,3,new
-3g5yACwYnA$_$9,-3g5yACwYnA__9,4,opportunities
-3g5yACwYnA$_$9,-3g5yACwYnA__9,5,through
-3g5yACwYnA$_$9,-3g5yACwYnA__9,6,the
-3g5yACwYnA$_$9,-3g5yACwYnA__9,7,way
-3g5yACwYnA$_$9,-3g5yACwYnA__9,8,things
-3g5yACwYnA$_$9,-3g5yACwYnA__9,9,have
-3g5yACwYnA$_$9,-3g5yACwYnA__9,10,changed
-3g5yACwYnA$_$9,-3g5yACwYnA__9,11,through
-3g5yACwYnA$_$9,-3g5yACwYnA__9,12,the
-3g5yACwYnA$_$9,-3g5yACwYnA__9,13,years
-3g5yACwYnA$_$9,-3g5yACwYnA__9,14,looking
-3g5yACwYnA$_$9,-3g5yACwYnA__9,15,for
-3g5yACwYnA$_$9,-3g5yACwYnA__9,16,new
-3g5yACwYnA$_$9,-3g5yACwYnA__9,17,niche
-3g5yACwYnA$_$9,-3g5yACwYnA__9,18,high
-3g5yACwYnA$_$9,-3g5yACwYnA__9,19,end
-3g5yACwYnA$_$9,-3g5yACwYnA__9,20,value
-3g5yACwYnA$_$9,-3g5yACwYnA__9,21,added
-3g5yACwYnA$_$9,-3g5yACwYnA__9,22,products
-3nNcZdcdvU$_$5,-3nNcZdcdvU__5,0,Noncompliance
-3nNcZdcdvU$_$5,-3nNcZdcdvU__5,1,can
-3nNcZdcdvU$_$5,-3nNcZdcdvU__5,2,result
-3nNcZdcdvU$_$5,-3nNcZdcdvU__5,3,in
-3nNcZdcdvU$_$5,-3nNcZdcdvU__5,4,legal
-3nNcZdcdvU$_$5,-3nNcZdcdvU__5,5,liability
-3nNcZdcdvU$_$5,-3nNcZdcdvU__5,6,to
-3nNcZdcdvU$_$5,-3nNcZdcdvU__5,7,you
-3nNcZdcdvU$_$5,-3nNcZdcdvU__5,8,and
-3nNcZdcdvU$_$5,-3nNcZdcdvU__5,9,to
-3nNcZdcdvU$_$5,-3nNcZdcdvU__5,10,the
-3nNcZdcdvU$_$5,-3nNcZdcdvU__5,11,school
-3nNcZdcdvU$_$5,-3nNcZdcdvU__5,12,district
-3nNcZdcdvU$_$5,-3nNcZdcdvU__5,13,in
-3nNcZdcdvU$_$5,-3nNcZdcdvU__5,14,which
-3nNcZdcdvU$_$5,-3nNcZdcdvU__5,15,you
-3nNcZdcdvU$_$5,-3nNcZdcdvU__5,16,are
-3nNcZdcdvU$_$5,-3nNcZdcdvU__5,17,employed
-HwX2H8Z4hY$_$2,-HwX2H8Z4hY__2,0,President
-HwX2H8Z4hY$_$2,-HwX2H8Z4hY__2,1,Ronald
-HwX2H8Z4hY$_$2,-HwX2H8Z4hY__2,2,Reagan
-HwX2H8Z4hY$_$2,-HwX2H8Z4hY__2,3,Look
-HwX2H8Z4hY$_$2,-HwX2H8Z4hY__2,4,at
-HwX2H8Z4hY$_$2,-HwX2H8Z4hY__2,5,the
-HwX2H8Z4hY$_$2,-HwX2H8Z4hY__2,6,record
-HwX2H8Z4hY$_$5,-HwX2H8Z4hY__5,0,President
-HwX2H8Z4hY$_$5,-HwX2H8Z4hY__5,1,Ronald
-HwX2H8Z4hY$_$5,-HwX2H8Z4hY__5,2,Reagan
-HwX2H8Z4hY$_$5,-HwX2H8Z4hY__5,3,blamed
-HwX2H8Z4hY$_$5,-HwX2H8Z4hY__5,4,the
-HwX2H8Z4hY$_$5,-HwX2H8Z4hY__5,5,professional
-HwX2H8Z4hY$_$5,-HwX2H8Z4hY__5,6,bureaucracy
-HwX2H8Z4hY$_$5,-HwX2H8Z4hY__5,7,of
-HwX2H8Z4hY$_$5,-HwX2H8Z4hY__5,8,education
-HwX2H8Z4hY$_$6,-HwX2H8Z4hY__6,0,And
-HwX2H8Z4hY$_$6,-HwX2H8Z4hY__6,1,in
-HwX2H8Z4hY$_$6,-HwX2H8Z4hY__6,2,part
-HwX2H8Z4hY$_$6,-HwX2H8Z4hY__6,3,Al
-HwX2H8Z4hY$_$6,-HwX2H8Z4hY__6,4,Shanker
-HwX2H8Z4hY$_$6,-HwX2H8Z4hY__6,5,did
-HwX2H8Z4hY$_$6,-HwX2H8Z4hY__6,6,too
-HwX2H8Z4hY$_$9,-HwX2H8Z4hY__9,0,It
-HwX2H8Z4hY$_$9,-HwX2H8Z4hY__9,1,is
-HwX2H8Z4hY$_$9,-HwX2H8Z4hY__9,2,a
-HwX2H8Z4hY$_$9,-HwX2H8Z4hY__9,3,word
-HwX2H8Z4hY$_$9,-HwX2H8Z4hY__9,4,which
-HwX2H8Z4hY$_$9,-HwX2H8Z4hY__9,5,the
-HwX2H8Z4hY$_$9,-HwX2H8Z4hY__9,6,administrator
-HwX2H8Z4hY$_$9,-HwX2H8Z4hY__9,7,uses
-HwX2H8Z4hY$_$9,-HwX2H8Z4hY__9,8,when
-HwX2H8Z4hY$_$9,-HwX2H8Z4hY__9,9,he
-HwX2H8Z4hY$_$9,-HwX2H8Z4hY__9,10,turns
-HwX2H8Z4hY$_$9,-HwX2H8Z4hY__9,11,around
-HwX2H8Z4hY$_$9,-HwX2H8Z4hY__9,12,anything
-HwX2H8Z4hY$_$9,-HwX2H8Z4hY__9,13,which
-HwX2H8Z4hY$_$9,-HwX2H8Z4hY__9,14,he
-HwX2H8Z4hY$_$9,-HwX2H8Z4hY__9,15,doesn't
-HwX2H8Z4hY$_$9,-HwX2H8Z4hY__9,16,like
-HwX2H8Z4hY$_$9,-HwX2H8Z4hY__9,17,that
-HwX2H8Z4hY$_$9,-HwX2H8Z4hY__9,18,the
-HwX2H8Z4hY$_$9,-HwX2H8Z4hY__9,19,teacher
-HwX2H8Z4hY$_$9,-HwX2H8Z4hY__9,20,is
-HwX2H8Z4hY$_$9,-HwX2H8Z4hY__9,21,doing
-NFrJFQijFE$_$1,-NFrJFQijFE__1,0,Structural
-NFrJFQijFE$_$1,-NFrJFQijFE__1,1,mounts
-NFrJFQijFE$_$1,-NFrJFQijFE__1,2,inside
-NFrJFQijFE$_$1,-NFrJFQijFE__1,3,have
-NFrJFQijFE$_$1,-NFrJFQijFE__1,4,to
-NFrJFQijFE$_$1,-NFrJFQijFE__1,5,be
-NFrJFQijFE$_$1,-NFrJFQijFE__1,6,properly
-NFrJFQijFE$_$1,-NFrJFQijFE__1,7,stress
-NFrJFQijFE$_$1,-NFrJFQijFE__1,8,analyzed
-NFrJFQijFE$_$1,-NFrJFQijFE__1,9,so
-NFrJFQijFE$_$1,-NFrJFQijFE__1,10,we
-NFrJFQijFE$_$1,-NFrJFQijFE__1,11,make
-NFrJFQijFE$_$1,-NFrJFQijFE__1,12,sure
-NFrJFQijFE$_$1,-NFrJFQijFE__1,13,all
-NFrJFQijFE$_$1,-NFrJFQijFE__1,14,that
-NFrJFQijFE$_$1,-NFrJFQijFE__1,15,happens
-NFrJFQijFE$_$2,-NFrJFQijFE__2,0,So
-NFrJFQijFE$_$2,-NFrJFQijFE__2,1,we
-NFrJFQijFE$_$2,-NFrJFQijFE__2,2,coordinate
-NFrJFQijFE$_$2,-NFrJFQijFE__2,3,with
-NFrJFQijFE$_$2,-NFrJFQijFE__2,4,all
-NFrJFQijFE$_$2,-NFrJFQijFE__2,5,the
-NFrJFQijFE$_$2,-NFrJFQijFE__2,6,proper
-NFrJFQijFE$_$2,-NFrJFQijFE__2,7,technical
-NFrJFQijFE$_$2,-NFrJFQijFE__2,8,fields
-NFrJFQijFE$_$2,-NFrJFQijFE__2,9,to
-NFrJFQijFE$_$2,-NFrJFQijFE__2,10,get
-NFrJFQijFE$_$2,-NFrJFQijFE__2,11,ready
-NFrJFQijFE$_$2,-NFrJFQijFE__2,12,for
-NFrJFQijFE$_$2,-NFrJFQijFE__2,13,the
-NFrJFQijFE$_$2,-NFrJFQijFE__2,14,instrument
-NFrJFQijFE$_$2,-NFrJFQijFE__2,15,to
-NFrJFQijFE$_$2,-NFrJFQijFE__2,16,arrive
-NFrJFQijFE$_$2,-NFrJFQijFE__2,17,here
-THoVjtIkeU$_$12,-THoVjtIkeU__12,0,What
-THoVjtIkeU$_$12,-THoVjtIkeU__12,1,ever
-THoVjtIkeU$_$12,-THoVjtIkeU__12,2,we
-THoVjtIkeU$_$12,-THoVjtIkeU__12,3,turn
-THoVjtIkeU$_$12,-THoVjtIkeU__12,4,our
-THoVjtIkeU$_$12,-THoVjtIkeU__12,5,attention
-THoVjtIkeU$_$12,-THoVjtIkeU__12,6,to
-THoVjtIkeU$_$12,-THoVjtIkeU__12,7,is
-THoVjtIkeU$_$12,-THoVjtIkeU__12,8,what
-THoVjtIkeU$_$12,-THoVjtIkeU__12,9,grows
-THoVjtIkeU$_$12,-THoVjtIkeU__12,10,and
-THoVjtIkeU$_$12,-THoVjtIkeU__12,11,so
-THoVjtIkeU$_$12,-THoVjtIkeU__12,12,if
-THoVjtIkeU$_$12,-THoVjtIkeU__12,13,we
-THoVjtIkeU$_$12,-THoVjtIkeU__12,14,believe
-THoVjtIkeU$_$12,-THoVjtIkeU__12,15,that
-THoVjtIkeU$_$12,-THoVjtIkeU__12,16,anything
-THoVjtIkeU$_$12,-THoVjtIkeU__12,17,is
-THoVjtIkeU$_$12,-THoVjtIkeU__12,18,possible
-THoVjtIkeU$_$12,-THoVjtIkeU__12,19,if
-THoVjtIkeU$_$12,-THoVjtIkeU__12,20,we
-THoVjtIkeU$_$12,-THoVjtIkeU__12,21,believe
-THoVjtIkeU$_$12,-THoVjtIkeU__12,22,that
-THoVjtIkeU$_$12,-THoVjtIkeU__12,23,social
-THoVjtIkeU$_$12,-THoVjtIkeU__12,24,justice
-THoVjtIkeU$_$12,-THoVjtIkeU__12,25,can
-THoVjtIkeU$_$12,-THoVjtIkeU__12,26,be
-THoVjtIkeU$_$12,-THoVjtIkeU__12,27,achieved
-THoVjtIkeU$_$12,-THoVjtIkeU__12,28,and
-THoVjtIkeU$_$12,-THoVjtIkeU__12,29,if
-THoVjtIkeU$_$12,-THoVjtIkeU__12,30,we
-THoVjtIkeU$_$12,-THoVjtIkeU__12,31,believe
-THoVjtIkeU$_$12,-THoVjtIkeU__12,32,in
-THoVjtIkeU$_$12,-THoVjtIkeU__12,33,youth
-THoVjtIkeU$_$12,-THoVjtIkeU__12,34,they
-THoVjtIkeU$_$12,-THoVjtIkeU__12,35,will
-THoVjtIkeU$_$12,-THoVjtIkeU__12,36,believe
-THoVjtIkeU$_$12,-THoVjtIkeU__12,37,in
-THoVjtIkeU$_$12,-THoVjtIkeU__12,38,themselves
-THoVjtIkeU$_$2,-THoVjtIkeU__2,0,I
-THoVjtIkeU$_$2,-THoVjtIkeU__2,1,think
-THoVjtIkeU$_$2,-THoVjtIkeU__2,2,social
-THoVjtIkeU$_$2,-THoVjtIkeU__2,3,justice
-THoVjtIkeU$_$2,-THoVjtIkeU__2,4,is
-THoVjtIkeU$_$2,-THoVjtIkeU__2,5,extremely
-THoVjtIkeU$_$2,-THoVjtIkeU__2,6,important
-THoVjtIkeU$_$2,-THoVjtIkeU__2,7,for
-THoVjtIkeU$_$2,-THoVjtIkeU__2,8,young
-THoVjtIkeU$_$2,-THoVjtIkeU__2,9,people
-THoVjtIkeU$_$6,-THoVjtIkeU__6,0,You
-THoVjtIkeU$_$6,-THoVjtIkeU__6,1,know
-THoVjtIkeU$_$6,-THoVjtIkeU__6,2,that
-THoVjtIkeU$_$6,-THoVjtIkeU__6,3,I
-THoVjtIkeU$_$6,-THoVjtIkeU__6,4,think
-THoVjtIkeU$_$6,-THoVjtIkeU__6,5,listening
-THoVjtIkeU$_$6,-THoVjtIkeU__6,6,to
-THoVjtIkeU$_$6,-THoVjtIkeU__6,7,young
-THoVjtIkeU$_$6,-THoVjtIkeU__6,8,people
-THoVjtIkeU$_$6,-THoVjtIkeU__6,9,taking
-THoVjtIkeU$_$6,-THoVjtIkeU__6,10,in
-THoVjtIkeU$_$6,-THoVjtIkeU__6,11,what
-THoVjtIkeU$_$6,-THoVjtIkeU__6,12,they
-THoVjtIkeU$_$6,-THoVjtIkeU__6,13,have
-THoVjtIkeU$_$6,-THoVjtIkeU__6,14,to
-THoVjtIkeU$_$6,-THoVjtIkeU__6,15,say
-THoVjtIkeU$_$6,-THoVjtIkeU__6,16,because
-THoVjtIkeU$_$6,-THoVjtIkeU__6,17,what
-THoVjtIkeU$_$6,-THoVjtIkeU__6,18,we
-THoVjtIkeU$_$6,-THoVjtIkeU__6,19,have
-THoVjtIkeU$_$6,-THoVjtIkeU__6,20,seen
-THoVjtIkeU$_$6,-THoVjtIkeU__6,21,all
-THoVjtIkeU$_$6,-THoVjtIkeU__6,22,around
-THoVjtIkeU$_$6,-THoVjtIkeU__6,23,the
-THoVjtIkeU$_$6,-THoVjtIkeU__6,24,world
-THoVjtIkeU$_$6,-THoVjtIkeU__6,25,is
-THoVjtIkeU$_$6,-THoVjtIkeU__6,26,the
-THoVjtIkeU$_$6,-THoVjtIkeU__6,27,power
-THoVjtIkeU$_$6,-THoVjtIkeU__6,28,of
-THoVjtIkeU$_$6,-THoVjtIkeU__6,29,youth
-UuX1xuaiiE$_$1,-UuX1xuaiiE__1,0,And
-UuX1xuaiiE$_$1,-UuX1xuaiiE__1,1,all
-UuX1xuaiiE$_$1,-UuX1xuaiiE__1,2,of
-UuX1xuaiiE$_$1,-UuX1xuaiiE__1,3,them
-UuX1xuaiiE$_$1,-UuX1xuaiiE__1,4,are
-UuX1xuaiiE$_$1,-UuX1xuaiiE__1,5,really
-UuX1xuaiiE$_$1,-UuX1xuaiiE__1,6,being
-UuX1xuaiiE$_$1,-UuX1xuaiiE__1,7,able
-UuX1xuaiiE$_$1,-UuX1xuaiiE__1,8,to
-UuX1xuaiiE$_$1,-UuX1xuaiiE__1,9,explore
-UuX1xuaiiE$_$1,-UuX1xuaiiE__1,10,these
-UuX1xuaiiE$_$1,-UuX1xuaiiE__1,11,different
-UuX1xuaiiE$_$1,-UuX1xuaiiE__1,12,areas
-UuX1xuaiiE$_$1,-UuX1xuaiiE__1,13,in
-UuX1xuaiiE$_$1,-UuX1xuaiiE__1,14,depth
-UuX1xuaiiE$_$1,-UuX1xuaiiE__1,15,in
-UuX1xuaiiE$_$1,-UuX1xuaiiE__1,16,a
-UuX1xuaiiE$_$1,-UuX1xuaiiE__1,17,way
-UuX1xuaiiE$_$1,-UuX1xuaiiE__1,18,that
-UuX1xuaiiE$_$1,-UuX1xuaiiE__1,19,really
-UuX1xuaiiE$_$1,-UuX1xuaiiE__1,20,wasn't
-UuX1xuaiiE$_$1,-UuX1xuaiiE__1,21,available
-UuX1xuaiiE$_$1,-UuX1xuaiiE__1,22,before
-UuX1xuaiiE$_$1,-UuX1xuaiiE__1,23,the
-UuX1xuaiiE$_$1,-UuX1xuaiiE__1,24,center
-UuX1xuaiiE$_$1,-UuX1xuaiiE__1,25,was
-UuX1xuaiiE$_$1,-UuX1xuaiiE__1,26,here
-UuX1xuaiiE$_$0,-UuX1xuaiiE__0,0,it's
-UuX1xuaiiE$_$0,-UuX1xuaiiE__0,1,amazing
-UuX1xuaiiE$_$0,-UuX1xuaiiE__0,2,to
-UuX1xuaiiE$_$0,-UuX1xuaiiE__0,3,see
-UuX1xuaiiE$_$0,-UuX1xuaiiE__0,4,their
-UuX1xuaiiE$_$0,-UuX1xuaiiE__0,5,enthusiasm
-UuX1xuaiiE$_$0,-UuX1xuaiiE__0,6,and
-UuX1xuaiiE$_$0,-UuX1xuaiiE__0,7,their
-UuX1xuaiiE$_$0,-UuX1xuaiiE__0,8,passion
-UuX1xuaiiE$_$3,-UuX1xuaiiE__3,0,My
-UuX1xuaiiE$_$3,-UuX1xuaiiE__3,1,goal
-UuX1xuaiiE$_$3,-UuX1xuaiiE__3,2,is
-UuX1xuaiiE$_$3,-UuX1xuaiiE__3,3,to
-UuX1xuaiiE$_$3,-UuX1xuaiiE__3,4,become
-UuX1xuaiiE$_$3,-UuX1xuaiiE__3,5,a
-UuX1xuaiiE$_$3,-UuX1xuaiiE__3,6,human
-UuX1xuaiiE$_$3,-UuX1xuaiiE__3,7,rights
-UuX1xuaiiE$_$3,-UuX1xuaiiE__3,8,lawyer
-UuX1xuaiiE$_$6,-UuX1xuaiiE__6,0,I
-UuX1xuaiiE$_$6,-UuX1xuaiiE__6,1,ended
-UuX1xuaiiE$_$6,-UuX1xuaiiE__6,2,up
-UuX1xuaiiE$_$6,-UuX1xuaiiE__6,3,going
-UuX1xuaiiE$_$6,-UuX1xuaiiE__6,4,to
-UuX1xuaiiE$_$6,-UuX1xuaiiE__6,5,work
-UuX1xuaiiE$_$6,-UuX1xuaiiE__6,6,for
-UuX1xuaiiE$_$6,-UuX1xuaiiE__6,7,the
-UuX1xuaiiE$_$6,-UuX1xuaiiE__6,8,US
-UuX1xuaiiE$_$6,-UuX1xuaiiE__6,9,government
-UuX1xuaiiE$_$6,-UuX1xuaiiE__6,10,as
-UuX1xuaiiE$_$6,-UuX1xuaiiE__6,11,an
-UuX1xuaiiE$_$6,-UuX1xuaiiE__6,12,intelligence
-UuX1xuaiiE$_$6,-UuX1xuaiiE__6,13,analyst
-UuX1xuaiiE$_$6,-UuX1xuaiiE__6,14,specializing
-UuX1xuaiiE$_$6,-UuX1xuaiiE__6,15,in
-UuX1xuaiiE$_$6,-UuX1xuaiiE__6,16,war
-UuX1xuaiiE$_$6,-UuX1xuaiiE__6,17,crimes
-UuX1xuaiiE$_$6,-UuX1xuaiiE__6,18,and
-UuX1xuaiiE$_$6,-UuX1xuaiiE__6,19,human
-UuX1xuaiiE$_$6,-UuX1xuaiiE__6,20,rights
-UuX1xuaiiE$_$6,-UuX1xuaiiE__6,21,issues
-a55Q6RWvTA$_$3,-a55Q6RWvTA__3,0,And
-a55Q6RWvTA$_$3,-a55Q6RWvTA__3,1,if
-a55Q6RWvTA$_$3,-a55Q6RWvTA__3,2,you
-a55Q6RWvTA$_$3,-a55Q6RWvTA__3,3,clip
-a55Q6RWvTA$_$3,-a55Q6RWvTA__3,4,coupons
-a55Q6RWvTA$_$3,-a55Q6RWvTA__3,5,if
-a55Q6RWvTA$_$3,-a55Q6RWvTA__3,6,you
-a55Q6RWvTA$_$3,-a55Q6RWvTA__3,7,don't
-a55Q6RWvTA$_$3,-a55Q6RWvTA__3,8,go
-a55Q6RWvTA$_$3,-a55Q6RWvTA__3,9,out
-a55Q6RWvTA$_$3,-a55Q6RWvTA__3,10,for
-a55Q6RWvTA$_$3,-a55Q6RWvTA__3,11,dinner
-a55Q6RWvTA$_$3,-a55Q6RWvTA__3,12,and
-a55Q6RWvTA$_$3,-a55Q6RWvTA__3,13,movies
-a55Q6RWvTA$_$3,-a55Q6RWvTA__3,14,and
-a55Q6RWvTA$_$3,-a55Q6RWvTA__3,15,things
-a55Q6RWvTA$_$3,-a55Q6RWvTA__3,16,of
-a55Q6RWvTA$_$3,-a55Q6RWvTA__3,17,that
-a55Q6RWvTA$_$3,-a55Q6RWvTA__3,18,nature
-a55Q6RWvTA$_$3,-a55Q6RWvTA__3,19,and
-a55Q6RWvTA$_$3,-a55Q6RWvTA__3,20,try
-a55Q6RWvTA$_$3,-a55Q6RWvTA__3,21,to
-a55Q6RWvTA$_$3,-a55Q6RWvTA__3,22,take
-a55Q6RWvTA$_$3,-a55Q6RWvTA__3,23,up
-a55Q6RWvTA$_$3,-a55Q6RWvTA__3,24,things
-a55Q6RWvTA$_$3,-a55Q6RWvTA__3,25,in
-a55Q6RWvTA$_$3,-a55Q6RWvTA__3,26,life
-a55Q6RWvTA$_$3,-a55Q6RWvTA__3,27,that
-a55Q6RWvTA$_$3,-a55Q6RWvTA__3,28,well
-a55Q6RWvTA$_$3,-a55Q6RWvTA__3,29,they
-a55Q6RWvTA$_$3,-a55Q6RWvTA__3,30,always
-a55Q6RWvTA$_$3,-a55Q6RWvTA__3,31,say
-a55Q6RWvTA$_$3,-a55Q6RWvTA__3,32,the
-a55Q6RWvTA$_$3,-a55Q6RWvTA__3,33,best
-a55Q6RWvTA$_$3,-a55Q6RWvTA__3,34,things
-a55Q6RWvTA$_$3,-a55Q6RWvTA__3,35,in
-a55Q6RWvTA$_$3,-a55Q6RWvTA__3,36,life
-a55Q6RWvTA$_$3,-a55Q6RWvTA__3,37,are
-a55Q6RWvTA$_$3,-a55Q6RWvTA__3,38,free
-a55Q6RWvTA$_$3,-a55Q6RWvTA__3,39,Reading
-a55Q6RWvTA$_$3,-a55Q6RWvTA__3,40,a
-a55Q6RWvTA$_$3,-a55Q6RWvTA__3,41,book
-a55Q6RWvTA$_$3,-a55Q6RWvTA__3,42,going
-a55Q6RWvTA$_$3,-a55Q6RWvTA__3,43,for
-a55Q6RWvTA$_$3,-a55Q6RWvTA__3,44,a
-a55Q6RWvTA$_$3,-a55Q6RWvTA__3,45,nice
-a55Q6RWvTA$_$3,-a55Q6RWvTA__3,46,walk
-a55Q6RWvTA$_$3,-a55Q6RWvTA__3,47,and
-a55Q6RWvTA$_$3,-a55Q6RWvTA__3,48,of
-a55Q6RWvTA$_$3,-a55Q6RWvTA__3,49,course
-a55Q6RWvTA$_$3,-a55Q6RWvTA__3,50,combining
-a55Q6RWvTA$_$3,-a55Q6RWvTA__3,51,exercise
-a55Q6RWvTA$_$3,-a55Q6RWvTA__3,52,and
-a55Q6RWvTA$_$3,-a55Q6RWvTA__3,53,various
-a55Q6RWvTA$_$3,-a55Q6RWvTA__3,54,things
-a55Q6RWvTA$_$3,-a55Q6RWvTA__3,55,of
-a55Q6RWvTA$_$3,-a55Q6RWvTA__3,56,that
-a55Q6RWvTA$_$3,-a55Q6RWvTA__3,57,nature
-a55Q6RWvTA$_$3,-a55Q6RWvTA__3,58,where
-a55Q6RWvTA$_$3,-a55Q6RWvTA__3,59,you're
-a55Q6RWvTA$_$3,-a55Q6RWvTA__3,60,not
-a55Q6RWvTA$_$3,-a55Q6RWvTA__3,61,spending
-a55Q6RWvTA$_$3,-a55Q6RWvTA__3,62,money
-a55Q6RWvTA$_$3,-a55Q6RWvTA__3,63,per
-a55Q6RWvTA$_$3,-a55Q6RWvTA__3,64,se
-aNfi7CP8vM$_$7,-aNfi7CP8vM__7,0,Maybe
-aNfi7CP8vM$_$7,-aNfi7CP8vM__7,1,they
-aNfi7CP8vM$_$7,-aNfi7CP8vM__7,2,have
-aNfi7CP8vM$_$7,-aNfi7CP8vM__7,3,no
-aNfi7CP8vM$_$7,-aNfi7CP8vM__7,4,political
-aNfi7CP8vM$_$7,-aNfi7CP8vM__7,5,party
-aNfi7CP8vM$_$7,-aNfi7CP8vM__7,6,affiliation
-aNfi7CP8vM$_$7,-aNfi7CP8vM__7,7,they're
-aNfi7CP8vM$_$7,-aNfi7CP8vM__7,8,not
-aNfi7CP8vM$_$7,-aNfi7CP8vM__7,9,interested
-aNfi7CP8vM$_$7,-aNfi7CP8vM__7,10,in
-aNfi7CP8vM$_$7,-aNfi7CP8vM__7,11,politics
-aNfi7CP8vM$_$7,-aNfi7CP8vM__7,12,they
-aNfi7CP8vM$_$7,-aNfi7CP8vM__7,13,could
-aNfi7CP8vM$_$7,-aNfi7CP8vM__7,14,care
-aNfi7CP8vM$_$7,-aNfi7CP8vM__7,15,less
-aNfi7CP8vM$_$7,-aNfi7CP8vM__7,16,about
-aNfi7CP8vM$_$7,-aNfi7CP8vM__7,17,politics
-aqamKhZ1Ec$_$0,-aqamKhZ1Ec__0,0,In
-aqamKhZ1Ec$_$0,-aqamKhZ1Ec__0,1,2008
-aqamKhZ1Ec$_$0,-aqamKhZ1Ec__0,2,there
-aqamKhZ1Ec$_$0,-aqamKhZ1Ec__0,3,were
-aqamKhZ1Ec$_$0,-aqamKhZ1Ec__0,4,very
-aqamKhZ1Ec$_$0,-aqamKhZ1Ec__0,5,serious
-aqamKhZ1Ec$_$0,-aqamKhZ1Ec__0,6,tribal
-aqamKhZ1Ec$_$0,-aqamKhZ1Ec__0,7,warfare
-aqamKhZ1Ec$_$0,-aqamKhZ1Ec__0,8,in
-aqamKhZ1Ec$_$0,-aqamKhZ1Ec__0,9,Kenya
-aqamKhZ1Ec$_$0,-aqamKhZ1Ec__0,10,following
-aqamKhZ1Ec$_$0,-aqamKhZ1Ec__0,11,a
-aqamKhZ1Ec$_$0,-aqamKhZ1Ec__0,12,disputed
-aqamKhZ1Ec$_$0,-aqamKhZ1Ec__0,13,election
-dxfTGcXJoc$_$1,-dxfTGcXJoc__1,0,For
-dxfTGcXJoc$_$1,-dxfTGcXJoc__1,1,the
-dxfTGcXJoc$_$1,-dxfTGcXJoc__1,2,10th
-dxfTGcXJoc$_$1,-dxfTGcXJoc__1,3,straight
-dxfTGcXJoc$_$1,-dxfTGcXJoc__1,4,year
-dxfTGcXJoc$_$1,-dxfTGcXJoc__1,5,some
-dxfTGcXJoc$_$1,-dxfTGcXJoc__1,6,of
-dxfTGcXJoc$_$1,-dxfTGcXJoc__1,7,Kentucky’s
-dxfTGcXJoc$_$1,-dxfTGcXJoc__1,8,best
-dxfTGcXJoc$_$1,-dxfTGcXJoc__1,9,and
-dxfTGcXJoc$_$1,-dxfTGcXJoc__1,10,most
-dxfTGcXJoc$_$1,-dxfTGcXJoc__1,11,innovative
-dxfTGcXJoc$_$1,-dxfTGcXJoc__1,12,biotech
-dxfTGcXJoc$_$1,-dxfTGcXJoc__1,13,companies
-dxfTGcXJoc$_$1,-dxfTGcXJoc__1,14,and
-dxfTGcXJoc$_$1,-dxfTGcXJoc__1,15,technologies
-dxfTGcXJoc$_$1,-dxfTGcXJoc__1,16,were
-dxfTGcXJoc$_$1,-dxfTGcXJoc__1,17,on
-dxfTGcXJoc$_$1,-dxfTGcXJoc__1,18,display
-dxfTGcXJoc$_$1,-dxfTGcXJoc__1,19,at
-dxfTGcXJoc$_$1,-dxfTGcXJoc__1,20,the
-dxfTGcXJoc$_$1,-dxfTGcXJoc__1,21,annual
-dxfTGcXJoc$_$1,-dxfTGcXJoc__1,22,BIO
-dxfTGcXJoc$_$1,-dxfTGcXJoc__1,23,International
-dxfTGcXJoc$_$1,-dxfTGcXJoc__1,24,Convention
-dxfTGcXJoc$_$1,-dxfTGcXJoc__1,25,which
-dxfTGcXJoc$_$1,-dxfTGcXJoc__1,26,I
-dxfTGcXJoc$_$1,-dxfTGcXJoc__1,27,and
-dxfTGcXJoc$_$1,-dxfTGcXJoc__1,28,other
-dxfTGcXJoc$_$1,-dxfTGcXJoc__1,29,state
-dxfTGcXJoc$_$1,-dxfTGcXJoc__1,30,officials
-dxfTGcXJoc$_$1,-dxfTGcXJoc__1,31,attended
-dxfTGcXJoc$_$1,-dxfTGcXJoc__1,32,this
-dxfTGcXJoc$_$1,-dxfTGcXJoc__1,33,week
-dxfTGcXJoc$_$1,-dxfTGcXJoc__1,34,in
-dxfTGcXJoc$_$1,-dxfTGcXJoc__1,35,Chicago
-dxfTGcXJoc$_$0,-dxfTGcXJoc__0,0,This
-dxfTGcXJoc$_$0,-dxfTGcXJoc__0,1,is
-dxfTGcXJoc$_$0,-dxfTGcXJoc__0,2,Governor
-dxfTGcXJoc$_$0,-dxfTGcXJoc__0,3,Steve
-dxfTGcXJoc$_$0,-dxfTGcXJoc__0,4,Beshear
-dxfTGcXJoc$_$0,-dxfTGcXJoc__0,5,About
-dxfTGcXJoc$_$0,-dxfTGcXJoc__0,6,Kentucky
-dxfTGcXJoc$_$0,-dxfTGcXJoc__0,7,Our
-dxfTGcXJoc$_$0,-dxfTGcXJoc__0,8,state
-dxfTGcXJoc$_$0,-dxfTGcXJoc__0,9,is
-dxfTGcXJoc$_$0,-dxfTGcXJoc__0,10,home
-dxfTGcXJoc$_$0,-dxfTGcXJoc__0,11,to
-dxfTGcXJoc$_$0,-dxfTGcXJoc__0,12,more
-dxfTGcXJoc$_$0,-dxfTGcXJoc__0,13,than
-dxfTGcXJoc$_$0,-dxfTGcXJoc__0,14,1
-dxfTGcXJoc$_$0,-dxfTGcXJoc__0,15,500
-dxfTGcXJoc$_$0,-dxfTGcXJoc__0,16,bioscience
-dxfTGcXJoc$_$0,-dxfTGcXJoc__0,17,and
-dxfTGcXJoc$_$0,-dxfTGcXJoc__0,18,lifescience
-dxfTGcXJoc$_$0,-dxfTGcXJoc__0,19,companies
-dxfTGcXJoc$_$0,-dxfTGcXJoc__0,20,and
-dxfTGcXJoc$_$0,-dxfTGcXJoc__0,21,more
-dxfTGcXJoc$_$0,-dxfTGcXJoc__0,22,than
-dxfTGcXJoc$_$0,-dxfTGcXJoc__0,23,100
-dxfTGcXJoc$_$0,-dxfTGcXJoc__0,24,000
-dxfTGcXJoc$_$0,-dxfTGcXJoc__0,25,people
-dxfTGcXJoc$_$0,-dxfTGcXJoc__0,26,who
-dxfTGcXJoc$_$0,-dxfTGcXJoc__0,27,work
-dxfTGcXJoc$_$0,-dxfTGcXJoc__0,28,for
-dxfTGcXJoc$_$0,-dxfTGcXJoc__0,29,these
-dxfTGcXJoc$_$0,-dxfTGcXJoc__0,30,firms
-dxfTGcXJoc$_$0,-dxfTGcXJoc__0,31,in
-dxfTGcXJoc$_$0,-dxfTGcXJoc__0,32,areas
-dxfTGcXJoc$_$0,-dxfTGcXJoc__0,33,from
-dxfTGcXJoc$_$0,-dxfTGcXJoc__0,34,nutrigenomics
-dxfTGcXJoc$_$0,-dxfTGcXJoc__0,35,and
-dxfTGcXJoc$_$0,-dxfTGcXJoc__0,36,pharmaceuticals
-dxfTGcXJoc$_$0,-dxfTGcXJoc__0,37,to
-dxfTGcXJoc$_$0,-dxfTGcXJoc__0,38,nanotechnology
-dxfTGcXJoc$_$0,-dxfTGcXJoc__0,39,and
-dxfTGcXJoc$_$0,-dxfTGcXJoc__0,40,medical
-dxfTGcXJoc$_$0,-dxfTGcXJoc__0,41,devices
-dxfTGcXJoc$_$2,-dxfTGcXJoc__2,0,An
-dxfTGcXJoc$_$2,-dxfTGcXJoc__2,1,estimated
-dxfTGcXJoc$_$2,-dxfTGcXJoc__2,2,20
-dxfTGcXJoc$_$2,-dxfTGcXJoc__2,3,000
-dxfTGcXJoc$_$2,-dxfTGcXJoc__2,4,biotech
-dxfTGcXJoc$_$2,-dxfTGcXJoc__2,5,scientists
-dxfTGcXJoc$_$2,-dxfTGcXJoc__2,6,executives
-dxfTGcXJoc$_$2,-dxfTGcXJoc__2,7,and
-dxfTGcXJoc$_$2,-dxfTGcXJoc__2,8,industry
-dxfTGcXJoc$_$2,-dxfTGcXJoc__2,9,experts
-dxfTGcXJoc$_$2,-dxfTGcXJoc__2,10,from
-dxfTGcXJoc$_$2,-dxfTGcXJoc__2,11,more
-dxfTGcXJoc$_$2,-dxfTGcXJoc__2,12,than
-dxfTGcXJoc$_$2,-dxfTGcXJoc__2,13,50
-dxfTGcXJoc$_$2,-dxfTGcXJoc__2,14,nations
-dxfTGcXJoc$_$2,-dxfTGcXJoc__2,15,were
-dxfTGcXJoc$_$2,-dxfTGcXJoc__2,16,at
-dxfTGcXJoc$_$2,-dxfTGcXJoc__2,17,the
-dxfTGcXJoc$_$2,-dxfTGcXJoc__2,18,BIO
-dxfTGcXJoc$_$2,-dxfTGcXJoc__2,19,conference
-dxfTGcXJoc$_$2,-dxfTGcXJoc__2,20,to
-dxfTGcXJoc$_$2,-dxfTGcXJoc__2,21,learn
-dxfTGcXJoc$_$2,-dxfTGcXJoc__2,22,about
-dxfTGcXJoc$_$2,-dxfTGcXJoc__2,23,the
-dxfTGcXJoc$_$2,-dxfTGcXJoc__2,24,latest
-dxfTGcXJoc$_$2,-dxfTGcXJoc__2,25,scientific
-dxfTGcXJoc$_$2,-dxfTGcXJoc__2,26,advances
-dxfTGcXJoc$_$2,-dxfTGcXJoc__2,27,and
-dxfTGcXJoc$_$2,-dxfTGcXJoc__2,28,to
-dxfTGcXJoc$_$2,-dxfTGcXJoc__2,29,exchange
-dxfTGcXJoc$_$2,-dxfTGcXJoc__2,30,ideas
-dxfTGcXJoc$_$2,-dxfTGcXJoc__2,31,and
-dxfTGcXJoc$_$2,-dxfTGcXJoc__2,32,establish
-dxfTGcXJoc$_$2,-dxfTGcXJoc__2,33,business
-dxfTGcXJoc$_$2,-dxfTGcXJoc__2,34,relationships
-dxfTGcXJoc$_$6,-dxfTGcXJoc__6,0,Kentucky’s
-dxfTGcXJoc$_$6,-dxfTGcXJoc__6,1,participation
-dxfTGcXJoc$_$6,-dxfTGcXJoc__6,2,at
-dxfTGcXJoc$_$6,-dxfTGcXJoc__6,3,the
-dxfTGcXJoc$_$6,-dxfTGcXJoc__6,4,annual
-dxfTGcXJoc$_$6,-dxfTGcXJoc__6,5,BIO
-dxfTGcXJoc$_$6,-dxfTGcXJoc__6,6,International
-dxfTGcXJoc$_$6,-dxfTGcXJoc__6,7,Convention
-dxfTGcXJoc$_$6,-dxfTGcXJoc__6,8,is
-dxfTGcXJoc$_$6,-dxfTGcXJoc__6,9,the
-dxfTGcXJoc$_$6,-dxfTGcXJoc__6,10,primary
-dxfTGcXJoc$_$6,-dxfTGcXJoc__6,11,means
-dxfTGcXJoc$_$6,-dxfTGcXJoc__6,12,by
-dxfTGcXJoc$_$6,-dxfTGcXJoc__6,13,which
-dxfTGcXJoc$_$6,-dxfTGcXJoc__6,14,our
-dxfTGcXJoc$_$6,-dxfTGcXJoc__6,15,high
-dxfTGcXJoc$_$6,-dxfTGcXJoc__6,16,tech
-dxfTGcXJoc$_$6,-dxfTGcXJoc__6,17,companies
-dxfTGcXJoc$_$6,-dxfTGcXJoc__6,18,and
-dxfTGcXJoc$_$6,-dxfTGcXJoc__6,19,institutions
-dxfTGcXJoc$_$6,-dxfTGcXJoc__6,20,can
-dxfTGcXJoc$_$6,-dxfTGcXJoc__6,21,reach
-dxfTGcXJoc$_$6,-dxfTGcXJoc__6,22,out
-dxfTGcXJoc$_$6,-dxfTGcXJoc__6,23,to
-dxfTGcXJoc$_$6,-dxfTGcXJoc__6,24,the
-dxfTGcXJoc$_$6,-dxfTGcXJoc__6,25,global
-dxfTGcXJoc$_$6,-dxfTGcXJoc__6,26,scientific
-dxfTGcXJoc$_$6,-dxfTGcXJoc__6,27,community
-egA8-b7-3M$_$26,-egA8-b7-3M__26,0,We're
-egA8-b7-3M$_$26,-egA8-b7-3M__26,1,updating
-egA8-b7-3M$_$26,-egA8-b7-3M__26,2,it
-egA8-b7-3M$_$26,-egA8-b7-3M__26,3,all
-egA8-b7-3M$_$26,-egA8-b7-3M__26,4,the
-egA8-b7-3M$_$26,-egA8-b7-3M__26,5,time
-egA8-b7-3M$_$26,-egA8-b7-3M__26,6,and
-egA8-b7-3M$_$26,-egA8-b7-3M__26,7,looking
-egA8-b7-3M$_$26,-egA8-b7-3M__26,8,forward
-egA8-b7-3M$_$26,-egA8-b7-3M__26,9,to
-egA8-b7-3M$_$26,-egA8-b7-3M__26,10,your
-egA8-b7-3M$_$26,-egA8-b7-3M__26,11,comments
-egA8-b7-3M$_$26,-egA8-b7-3M__26,12,on
-egA8-b7-3M$_$26,-egA8-b7-3M__26,13,our
-egA8-b7-3M$_$26,-egA8-b7-3M__26,14,videos
-egA8-b7-3M$_$17,-egA8-b7-3M__17,0,As
-egA8-b7-3M$_$17,-egA8-b7-3M__17,1,you
-egA8-b7-3M$_$17,-egA8-b7-3M__17,2,have
-egA8-b7-3M$_$17,-egA8-b7-3M__17,3,more
-egA8-b7-3M$_$17,-egA8-b7-3M__17,4,experience
-egA8-b7-3M$_$17,-egA8-b7-3M__17,5,you
-egA8-b7-3M$_$17,-egA8-b7-3M__17,6,have
-egA8-b7-3M$_$17,-egA8-b7-3M__17,7,more
-egA8-b7-3M$_$17,-egA8-b7-3M__17,8,times
-egA8-b7-3M$_$17,-egA8-b7-3M__17,9,exhibiting
-egA8-b7-3M$_$17,-egA8-b7-3M__17,10,you
-egA8-b7-3M$_$17,-egA8-b7-3M__17,11,get
-egA8-b7-3M$_$17,-egA8-b7-3M__17,12,to
-egA8-b7-3M$_$17,-egA8-b7-3M__17,13,know
-egA8-b7-3M$_$17,-egA8-b7-3M__17,14,more
-egA8-b7-3M$_$17,-egA8-b7-3M__17,15,people
-egA8-b7-3M$_$18,-egA8-b7-3M__18,0,It
-egA8-b7-3M$_$18,-egA8-b7-3M__18,1,becomes
-egA8-b7-3M$_$18,-egA8-b7-3M__18,2,easier
-egA8-b7-3M$_$18,-egA8-b7-3M__18,3,at
-egA8-b7-3M$_$18,-egA8-b7-3M__18,4,each
-egA8-b7-3M$_$18,-egA8-b7-3M__18,5,one
-egA8-b7-3M$_$18,-egA8-b7-3M__18,6,of
-egA8-b7-3M$_$18,-egA8-b7-3M__18,7,these
-egA8-b7-3M$_$18,-egA8-b7-3M__18,8,conferences
-egA8-b7-3M$_$18,-egA8-b7-3M__18,9,to
-egA8-b7-3M$_$18,-egA8-b7-3M__18,10,connect
-egA8-b7-3M$_$18,-egA8-b7-3M__18,11,with
-egA8-b7-3M$_$18,-egA8-b7-3M__18,12,people
-egA8-b7-3M$_$18,-egA8-b7-3M__18,13,that
-egA8-b7-3M$_$18,-egA8-b7-3M__18,14,you've
-egA8-b7-3M$_$18,-egA8-b7-3M__18,15,met
-egA8-b7-3M$_$18,-egA8-b7-3M__18,16,or
-egA8-b7-3M$_$18,-egA8-b7-3M__18,17,that
-egA8-b7-3M$_$18,-egA8-b7-3M__18,18,you're
-egA8-b7-3M$_$18,-egA8-b7-3M__18,19,doing
-egA8-b7-3M$_$18,-egA8-b7-3M__18,20,business
-egA8-b7-3M$_$18,-egA8-b7-3M__18,21,with
-egA8-b7-3M$_$16,-egA8-b7-3M__16,0,Third
-egA8-b7-3M$_$16,-egA8-b7-3M__16,1,another
-egA8-b7-3M$_$16,-egA8-b7-3M__16,2,big
-egA8-b7-3M$_$16,-egA8-b7-3M__16,3,benefit
-egA8-b7-3M$_$16,-egA8-b7-3M__16,4,of
-egA8-b7-3M$_$16,-egA8-b7-3M__16,5,exhibiting
-egA8-b7-3M$_$16,-egA8-b7-3M__16,6,is
-egA8-b7-3M$_$16,-egA8-b7-3M__16,7,connecting
-egA8-b7-3M$_$16,-egA8-b7-3M__16,8,with
-egA8-b7-3M$_$16,-egA8-b7-3M__16,9,existing
-egA8-b7-3M$_$16,-egA8-b7-3M__16,10,clients
-egA8-b7-3M$_$13,-egA8-b7-3M__13,0,What
-egA8-b7-3M$_$13,-egA8-b7-3M__13,1,are
-egA8-b7-3M$_$13,-egA8-b7-3M__13,2,you
-egA8-b7-3M$_$13,-egA8-b7-3M__13,3,doing
-egA8-b7-3M$_$13,-egA8-b7-3M__13,4,that's
-egA8-b7-3M$_$13,-egA8-b7-3M__13,5,different
-egA8-b7-3M$_$13,-egA8-b7-3M__13,6,They
-egA8-b7-3M$_$13,-egA8-b7-3M__13,7,always
-egA8-b7-3M$_$13,-egA8-b7-3M__13,8,want
-egA8-b7-3M$_$13,-egA8-b7-3M__13,9,an
-egA8-b7-3M$_$13,-egA8-b7-3M__13,10,answer
-egA8-b7-3M$_$1,-egA8-b7-3M__1,0,I
-egA8-b7-3M$_$1,-egA8-b7-3M__1,1,started
-egA8-b7-3M$_$1,-egA8-b7-3M__1,2,a
-egA8-b7-3M$_$1,-egA8-b7-3M__1,3,successful
-egA8-b7-3M$_$1,-egA8-b7-3M__1,4,Legal
-egA8-b7-3M$_$1,-egA8-b7-3M__1,5,Nurse
-egA8-b7-3M$_$1,-egA8-b7-3M__1,6,Consulting
-egA8-b7-3M$_$1,-egA8-b7-3M__1,7,Business
-egA8-b7-3M$_$1,-egA8-b7-3M__1,8,in
-egA8-b7-3M$_$1,-egA8-b7-3M__1,9,1989
-egA8-b7-3M$_$1,-egA8-b7-3M__1,10,I
-egA8-b7-3M$_$1,-egA8-b7-3M__1,11,mentor
-egA8-b7-3M$_$1,-egA8-b7-3M__1,12,nurses
-egA8-b7-3M$_$1,-egA8-b7-3M__1,13,who
-egA8-b7-3M$_$1,-egA8-b7-3M__1,14,want
-egA8-b7-3M$_$1,-egA8-b7-3M__1,15,to
-egA8-b7-3M$_$1,-egA8-b7-3M__1,16,become
-egA8-b7-3M$_$1,-egA8-b7-3M__1,17,Legal
-egA8-b7-3M$_$1,-egA8-b7-3M__1,18,Nurse
-egA8-b7-3M$_$1,-egA8-b7-3M__1,19,Consultants
-egA8-b7-3M$_$6,-egA8-b7-3M__6,0,First
-egA8-b7-3M$_$6,-egA8-b7-3M__6,1,exhibiting
-egA8-b7-3M$_$6,-egA8-b7-3M__6,2,is
-egA8-b7-3M$_$6,-egA8-b7-3M__6,3,a
-egA8-b7-3M$_$6,-egA8-b7-3M__6,4,wonderful
-egA8-b7-3M$_$6,-egA8-b7-3M__6,5,opportunity
-egA8-b7-3M$_$6,-egA8-b7-3M__6,6,to
-egA8-b7-3M$_$6,-egA8-b7-3M__6,7,network
-egA8-b7-3M$_$6,-egA8-b7-3M__6,8,with
-egA8-b7-3M$_$6,-egA8-b7-3M__6,9,other
-egA8-b7-3M$_$6,-egA8-b7-3M__6,10,legal
-egA8-b7-3M$_$6,-egA8-b7-3M__6,11,vendors
-egA8-b7-3M$_$9,-egA8-b7-3M__9,0,Secondly
-egA8-b7-3M$_$9,-egA8-b7-3M__9,1,another
-egA8-b7-3M$_$9,-egA8-b7-3M__9,2,goal
-egA8-b7-3M$_$9,-egA8-b7-3M__9,3,of
-egA8-b7-3M$_$9,-egA8-b7-3M__9,4,exhibiting
-egA8-b7-3M$_$9,-egA8-b7-3M__9,5,is
-egA8-b7-3M$_$9,-egA8-b7-3M__9,6,building
-egA8-b7-3M$_$9,-egA8-b7-3M__9,7,your
-egA8-b7-3M$_$9,-egA8-b7-3M__9,8,company
-egA8-b7-3M$_$9,-egA8-b7-3M__9,9,image
-egA8-b7-3M$_$20,-egA8-b7-3M__20,0,Now
-egA8-b7-3M$_$20,-egA8-b7-3M__20,1,you've
-egA8-b7-3M$_$20,-egA8-b7-3M__20,2,got
-egA8-b7-3M$_$20,-egA8-b7-3M__20,3,a
-egA8-b7-3M$_$20,-egA8-b7-3M__20,4,face
-egA8-b7-3M$_$20,-egA8-b7-3M__20,5,that
-egA8-b7-3M$_$20,-egA8-b7-3M__20,6,you
-egA8-b7-3M$_$20,-egA8-b7-3M__20,7,can
-egA8-b7-3M$_$20,-egA8-b7-3M__20,8,connect
-egA8-b7-3M$_$20,-egA8-b7-3M__20,9,with
-egA8-b7-3M$_$20,-egA8-b7-3M__20,10,a
-egA8-b7-3M$_$20,-egA8-b7-3M__20,11,voice
-egA8-b7-3M$_$20,-egA8-b7-3M__20,12,and
-egA8-b7-3M$_$20,-egA8-b7-3M__20,13,that
-egA8-b7-3M$_$20,-egA8-b7-3M__20,14,makes
-egA8-b7-3M$_$20,-egA8-b7-3M__20,15,you
-egA8-b7-3M$_$20,-egA8-b7-3M__20,16,closer
-egA8-b7-3M$_$20,-egA8-b7-3M__20,17,to
-egA8-b7-3M$_$20,-egA8-b7-3M__20,18,that
-egA8-b7-3M$_$20,-egA8-b7-3M__20,19,client
-iRBcNs9oI8$_$3,-iRBcNs9oI8__3,0,Well
-iRBcNs9oI8$_$3,-iRBcNs9oI8__3,1,it
-iRBcNs9oI8$_$3,-iRBcNs9oI8__3,2,is
-iRBcNs9oI8$_$3,-iRBcNs9oI8__3,3,the
-iRBcNs9oI8$_$3,-iRBcNs9oI8__3,4,secret
-iRBcNs9oI8$_$3,-iRBcNs9oI8__3,5,of
-iRBcNs9oI8$_$3,-iRBcNs9oI8__3,6,power
-iRBcNs9oI8$_$3,-iRBcNs9oI8__3,7,pose
-iRBcNs9oI8$_$7,-iRBcNs9oI8__7,0,Well
-iRBcNs9oI8$_$7,-iRBcNs9oI8__7,1,for
-iRBcNs9oI8$_$7,-iRBcNs9oI8__7,2,starters
-iRBcNs9oI8$_$7,-iRBcNs9oI8__7,3,let's
-iRBcNs9oI8$_$7,-iRBcNs9oI8__7,4,look
-iRBcNs9oI8$_$7,-iRBcNs9oI8__7,5,at
-iRBcNs9oI8$_$7,-iRBcNs9oI8__7,6,the
-iRBcNs9oI8$_$7,-iRBcNs9oI8__7,7,word
-iRBcNs9oI8$_$7,-iRBcNs9oI8__7,8,power
-iRBcNs9oI8$_$6,-iRBcNs9oI8__6,0,What
-iRBcNs9oI8$_$6,-iRBcNs9oI8__6,1,is
-iRBcNs9oI8$_$6,-iRBcNs9oI8__6,2,a
-iRBcNs9oI8$_$6,-iRBcNs9oI8__6,3,power
-iRBcNs9oI8$_$6,-iRBcNs9oI8__6,4,pose
-iRBcNs9oI8$_$9,-iRBcNs9oI8__9,0,Power
-iRBcNs9oI8$_$9,-iRBcNs9oI8__9,1,is
-iRBcNs9oI8$_$9,-iRBcNs9oI8__9,2,similar
-iRBcNs9oI8$_$9,-iRBcNs9oI8__9,3,to
-iRBcNs9oI8$_$9,-iRBcNs9oI8__9,4,strength
-iRBcNs9oI8$_$8,-iRBcNs9oI8__8,0,I've
-iRBcNs9oI8$_$8,-iRBcNs9oI8__8,1,drawn
-iRBcNs9oI8$_$8,-iRBcNs9oI8__8,2,this
-iRBcNs9oI8$_$8,-iRBcNs9oI8__8,3,man
-iRBcNs9oI8$_$8,-iRBcNs9oI8__8,4,here
-iRBcNs9oI8$_$8,-iRBcNs9oI8__8,5,and
-iRBcNs9oI8$_$8,-iRBcNs9oI8__8,6,if
-iRBcNs9oI8$_$8,-iRBcNs9oI8__8,7,you
-iRBcNs9oI8$_$8,-iRBcNs9oI8__8,8,can
-iRBcNs9oI8$_$8,-iRBcNs9oI8__8,9,tell
-iRBcNs9oI8$_$8,-iRBcNs9oI8__8,10,he
-iRBcNs9oI8$_$8,-iRBcNs9oI8__8,11,has
-iRBcNs9oI8$_$8,-iRBcNs9oI8__8,12,a
-iRBcNs9oI8$_$8,-iRBcNs9oI8__8,13,lot
-iRBcNs9oI8$_$8,-iRBcNs9oI8__8,14,of
-iRBcNs9oI8$_$8,-iRBcNs9oI8__8,15,big
-iRBcNs9oI8$_$8,-iRBcNs9oI8__8,16,muscles
-iRBcNs9oI8$_$8,-iRBcNs9oI8__8,17,he
-iRBcNs9oI8$_$8,-iRBcNs9oI8__8,18,looks
-iRBcNs9oI8$_$8,-iRBcNs9oI8__8,19,very
-iRBcNs9oI8$_$8,-iRBcNs9oI8__8,20,strong
-lzEya4AM_4$_$5,-lzEya4AM_4__5,0,If
-lzEya4AM_4$_$5,-lzEya4AM_4__5,1,it
-lzEya4AM_4$_$5,-lzEya4AM_4__5,2,falls
-lzEya4AM_4$_$5,-lzEya4AM_4__5,3,into
-lzEya4AM_4$_$5,-lzEya4AM_4__5,4,oh
-lzEya4AM_4$_$5,-lzEya4AM_4__5,5,any
-lzEya4AM_4$_$5,-lzEya4AM_4__5,6,of
-lzEya4AM_4$_$5,-lzEya4AM_4__5,7,those
-lzEya4AM_4$_$5,-lzEya4AM_4__5,8,three
-lzEya4AM_4$_$5,-lzEya4AM_4__5,9,categories
-lzEya4AM_4$_$5,-lzEya4AM_4__5,10,inducing
-lzEya4AM_4$_$5,-lzEya4AM_4__5,11,nausea
-lzEya4AM_4$_$5,-lzEya4AM_4__5,12,and
-lzEya4AM_4$_$5,-lzEya4AM_4__5,13,vomiting
-lzEya4AM_4$_$5,-lzEya4AM_4__5,14,would
-lzEya4AM_4$_$5,-lzEya4AM_4__5,15,be
-lzEya4AM_4$_$5,-lzEya4AM_4__5,16,your
-lzEya4AM_4$_$5,-lzEya4AM_4__5,17,next
-lzEya4AM_4$_$5,-lzEya4AM_4__5,18,step
-lzEya4AM_4$_$6,-lzEya4AM_4__6,0,If
-lzEya4AM_4$_$6,-lzEya4AM_4__6,1,the
-lzEya4AM_4$_$6,-lzEya4AM_4__6,2,product
-lzEya4AM_4$_$6,-lzEya4AM_4__6,3,or
-lzEya4AM_4$_$6,-lzEya4AM_4__6,4,poison
-lzEya4AM_4$_$6,-lzEya4AM_4__6,5,is
-lzEya4AM_4$_$6,-lzEya4AM_4__6,6,some
-lzEya4AM_4$_$6,-lzEya4AM_4__6,7,type
-lzEya4AM_4$_$6,-lzEya4AM_4__6,8,of
-lzEya4AM_4$_$6,-lzEya4AM_4__6,9,petroleum
-lzEya4AM_4$_$6,-lzEya4AM_4__6,10,product
-lzEya4AM_4$_$6,-lzEya4AM_4__6,11,or
-lzEya4AM_4$_$6,-lzEya4AM_4__6,12,corrosive
-lzEya4AM_4$_$6,-lzEya4AM_4__6,13,product
-lzEya4AM_4$_$6,-lzEya4AM_4__6,14,you
-lzEya4AM_4$_$6,-lzEya4AM_4__6,15,would
-lzEya4AM_4$_$6,-lzEya4AM_4__6,16,not
-lzEya4AM_4$_$6,-lzEya4AM_4__6,17,attempt
-lzEya4AM_4$_$6,-lzEya4AM_4__6,18,to
-lzEya4AM_4$_$6,-lzEya4AM_4__6,19,induce
-lzEya4AM_4$_$6,-lzEya4AM_4__6,20,vomiting
-lzEya4AM_4$_$6,-lzEya4AM_4__6,21,and
-lzEya4AM_4$_$6,-lzEya4AM_4__6,22,nausea
-lzEya4AM_4$_$6,-lzEya4AM_4__6,23,as
-lzEya4AM_4$_$6,-lzEya4AM_4__6,24,as
-lzEya4AM_4$_$6,-lzEya4AM_4__6,25,the
-lzEya4AM_4$_$6,-lzEya4AM_4__6,26,product
-lzEya4AM_4$_$6,-lzEya4AM_4__6,27,burned
-lzEya4AM_4$_$6,-lzEya4AM_4__6,28,on
-lzEya4AM_4$_$6,-lzEya4AM_4__6,29,the
-lzEya4AM_4$_$6,-lzEya4AM_4__6,30,way
-lzEya4AM_4$_$6,-lzEya4AM_4__6,31,down
-lzEya4AM_4$_$6,-lzEya4AM_4__6,32,it
-lzEya4AM_4$_$6,-lzEya4AM_4__6,33,could
-lzEya4AM_4$_$6,-lzEya4AM_4__6,34,cause
-lzEya4AM_4$_$6,-lzEya4AM_4__6,35,damage
-lzEya4AM_4$_$6,-lzEya4AM_4__6,36,and
-lzEya4AM_4$_$6,-lzEya4AM_4__6,37,burning
-lzEya4AM_4$_$6,-lzEya4AM_4__6,38,on
-lzEya4AM_4$_$6,-lzEya4AM_4__6,39,the
-lzEya4AM_4$_$6,-lzEya4AM_4__6,40,way
-lzEya4AM_4$_$6,-lzEya4AM_4__6,41,back
-lzEya4AM_4$_$6,-lzEya4AM_4__6,42,up
-mJ2ud6oKI8$_$1,-mJ2ud6oKI8__1,0,There
-mJ2ud6oKI8$_$1,-mJ2ud6oKI8__1,1,are
-mJ2ud6oKI8$_$1,-mJ2ud6oKI8__1,2,a
-mJ2ud6oKI8$_$1,-mJ2ud6oKI8__1,3,dozen
-mJ2ud6oKI8$_$1,-mJ2ud6oKI8__1,4,or
-mJ2ud6oKI8$_$1,-mJ2ud6oKI8__1,5,more
-mJ2ud6oKI8$_$1,-mJ2ud6oKI8__1,6,hands
-mJ2ud6oKI8$_$1,-mJ2ud6oKI8__1,7,on
-mJ2ud6oKI8$_$1,-mJ2ud6oKI8__1,8,techniques
-mJ2ud6oKI8$_$1,-mJ2ud6oKI8__1,9,that
-mJ2ud6oKI8$_$1,-mJ2ud6oKI8__1,10,we
-mJ2ud6oKI8$_$1,-mJ2ud6oKI8__1,11,can
-mJ2ud6oKI8$_$1,-mJ2ud6oKI8__1,12,do
-mJ2ud6oKI8$_$2,-mJ2ud6oKI8__2,0,So
-mJ2ud6oKI8$_$2,-mJ2ud6oKI8__2,1,physical
-mJ2ud6oKI8$_$2,-mJ2ud6oKI8__2,2,therapists
-mJ2ud6oKI8$_$2,-mJ2ud6oKI8__2,3,and
-mJ2ud6oKI8$_$2,-mJ2ud6oKI8__2,4,chiropractors
-mJ2ud6oKI8$_$2,-mJ2ud6oKI8__2,5,will
-mJ2ud6oKI8$_$2,-mJ2ud6oKI8__2,6,do
-mJ2ud6oKI8$_$2,-mJ2ud6oKI8__2,7,joint
-mJ2ud6oKI8$_$2,-mJ2ud6oKI8__2,8,manipulations
-mJ2ud6oKI8$_$2,-mJ2ud6oKI8__2,9,and
-mJ2ud6oKI8$_$2,-mJ2ud6oKI8__2,10,mobilizations
-mJ2ud6oKI8$_$6,-mJ2ud6oKI8__6,0,They
-mJ2ud6oKI8$_$6,-mJ2ud6oKI8__6,1,are
-mJ2ud6oKI8$_$6,-mJ2ud6oKI8__6,2,all
-mJ2ud6oKI8$_$6,-mJ2ud6oKI8__6,3,very
-mJ2ud6oKI8$_$6,-mJ2ud6oKI8__6,4,safe
-mJ2ud6oKI8$_$9,-mJ2ud6oKI8__9,0,It's
-mJ2ud6oKI8$_$9,-mJ2ud6oKI8__9,1,safe
-mJ2ud6oKI8$_$9,-mJ2ud6oKI8__9,2,and
-mJ2ud6oKI8$_$9,-mJ2ud6oKI8__9,3,the
-mJ2ud6oKI8$_$9,-mJ2ud6oKI8__9,4,person
-mJ2ud6oKI8$_$9,-mJ2ud6oKI8__9,5,will
-mJ2ud6oKI8$_$9,-mJ2ud6oKI8__9,6,feel
-mJ2ud6oKI8$_$9,-mJ2ud6oKI8__9,7,better
-mJ2ud6oKI8$_$9,-mJ2ud6oKI8__9,8,later
-mJ2ud6oKI8$_$9,-mJ2ud6oKI8__9,9,on
-mJ2ud6oKI8$_$9,-mJ2ud6oKI8__9,10,but
-mJ2ud6oKI8$_$9,-mJ2ud6oKI8__9,11,it's
-mJ2ud6oKI8$_$9,-mJ2ud6oKI8__9,12,sort
-mJ2ud6oKI8$_$9,-mJ2ud6oKI8__9,13,of
-mJ2ud6oKI8$_$9,-mJ2ud6oKI8__9,14,like
-mJ2ud6oKI8$_$9,-mJ2ud6oKI8__9,15,flossing
-mJ2ud6oKI8$_$9,-mJ2ud6oKI8__9,16,your
-mJ2ud6oKI8$_$9,-mJ2ud6oKI8__9,17,teeth
-mJ2ud6oKI8$_$9,-mJ2ud6oKI8__9,18,for
-mJ2ud6oKI8$_$9,-mJ2ud6oKI8__9,19,the
-mJ2ud6oKI8$_$9,-mJ2ud6oKI8__9,20,first
-mJ2ud6oKI8$_$9,-mJ2ud6oKI8__9,21,time
-mJ2ud6oKI8$_$8,-mJ2ud6oKI8__8,0,Sometimes
-mJ2ud6oKI8$_$8,-mJ2ud6oKI8__8,1,we
-mJ2ud6oKI8$_$8,-mJ2ud6oKI8__8,2,have
-mJ2ud6oKI8$_$8,-mJ2ud6oKI8__8,3,to
-mJ2ud6oKI8$_$8,-mJ2ud6oKI8__8,4,stretch
-mJ2ud6oKI8$_$8,-mJ2ud6oKI8__8,5,that
-mJ2ud6oKI8$_$8,-mJ2ud6oKI8__8,6,joint
-mJ2ud6oKI8$_$8,-mJ2ud6oKI8__8,7,that
-mJ2ud6oKI8$_$8,-mJ2ud6oKI8__8,8,is
-mJ2ud6oKI8$_$8,-mJ2ud6oKI8__8,9,already
-mJ2ud6oKI8$_$8,-mJ2ud6oKI8__8,10,irritated
-mqbVkbCndg$_$0,-mqbVkbCndg__0,0,How
-mqbVkbCndg$_$0,-mqbVkbCndg__0,1,at
-mqbVkbCndg$_$0,-mqbVkbCndg__0,2,a
-mqbVkbCndg$_$0,-mqbVkbCndg__0,3,particular
-mqbVkbCndg$_$0,-mqbVkbCndg__0,4,moment
-mqbVkbCndg$_$0,-mqbVkbCndg__0,5,in
-mqbVkbCndg$_$0,-mqbVkbCndg__0,6,time
-mqbVkbCndg$_$0,-mqbVkbCndg__0,7,our
-mqbVkbCndg$_$0,-mqbVkbCndg__0,8,moment
-mqbVkbCndg$_$0,-mqbVkbCndg__0,9,in
-mqbVkbCndg$_$0,-mqbVkbCndg__0,10,time
-mqbVkbCndg$_$0,-mqbVkbCndg__0,11,are
-mqbVkbCndg$_$0,-mqbVkbCndg__0,12,they
-mqbVkbCndg$_$0,-mqbVkbCndg__0,13,limited
-t217m2on-s$_$2,-t217m2on-s__2,0,But
-t217m2on-s$_$2,-t217m2on-s__2,1,a
-t217m2on-s$_$2,-t217m2on-s__2,2,good
-t217m2on-s$_$2,-t217m2on-s__2,3,thing
-t217m2on-s$_$2,-t217m2on-s__2,4,to
-t217m2on-s$_$2,-t217m2on-s__2,5,do
-t217m2on-s$_$2,-t217m2on-s__2,6,is
-t217m2on-s$_$2,-t217m2on-s__2,7,yawning
-t217m2on-s$_$2,-t217m2on-s__2,8,chewing
-t217m2on-s$_$2,-t217m2on-s__2,9,gum
-t217m2on-s$_$2,-t217m2on-s__2,10,is
-t217m2on-s$_$2,-t217m2on-s__2,11,effective
-t217m2on-s$_$7,-t217m2on-s__7,0,If
-t217m2on-s$_$7,-t217m2on-s__7,1,you
-t217m2on-s$_$7,-t217m2on-s__7,2,find
-t217m2on-s$_$7,-t217m2on-s__7,3,that
-t217m2on-s$_$7,-t217m2on-s__7,4,your
-t217m2on-s$_$7,-t217m2on-s__7,5,ears
-t217m2on-s$_$7,-t217m2on-s__7,6,consistently
-t217m2on-s$_$7,-t217m2on-s__7,7,do
-t217m2on-s$_$7,-t217m2on-s__7,8,this
-t217m2on-s$_$7,-t217m2on-s__7,9,and
-t217m2on-s$_$7,-t217m2on-s__7,10,you
-t217m2on-s$_$7,-t217m2on-s__7,11,can't
-t217m2on-s$_$7,-t217m2on-s__7,12,pop
-t217m2on-s$_$7,-t217m2on-s__7,13,them
-t217m2on-s$_$7,-t217m2on-s__7,14,often
-t217m2on-s$_$7,-t217m2on-s__7,15,you'll
-t217m2on-s$_$7,-t217m2on-s__7,16,definitely
-t217m2on-s$_$7,-t217m2on-s__7,17,need
-t217m2on-s$_$7,-t217m2on-s__7,18,to
-t217m2on-s$_$7,-t217m2on-s__7,19,see
-t217m2on-s$_$7,-t217m2on-s__7,20,a
-t217m2on-s$_$7,-t217m2on-s__7,21,physician
-t217m2on-s$_$7,-t217m2on-s__7,22,regarding
-t217m2on-s$_$7,-t217m2on-s__7,23,those
-t217m2on-s$_$7,-t217m2on-s__7,24,things
-t217m2on-s$_$7,-t217m2on-s__7,25,it
-t217m2on-s$_$7,-t217m2on-s__7,26,could
-t217m2on-s$_$7,-t217m2on-s__7,27,be
-t217m2on-s$_$7,-t217m2on-s__7,28,something
-t217m2on-s$_$7,-t217m2on-s__7,29,more
-t217m2on-s$_$7,-t217m2on-s__7,30,of
-t217m2on-s$_$7,-t217m2on-s__7,31,a
-t217m2on-s$_$7,-t217m2on-s__7,32,nasal
-t217m2on-s$_$7,-t217m2on-s__7,33,infection
-t217m2on-s$_$7,-t217m2on-s__7,34,or
-t217m2on-s$_$7,-t217m2on-s__7,35,a
-t217m2on-s$_$7,-t217m2on-s__7,36,sinus
-t217m2on-s$_$7,-t217m2on-s__7,37,infection
-t217m2on-s$_$7,-t217m2on-s__7,38,that
-t217m2on-s$_$7,-t217m2on-s__7,39,he
-t217m2on-s$_$7,-t217m2on-s__7,40,would
-t217m2on-s$_$7,-t217m2on-s__7,41,need
-t217m2on-s$_$7,-t217m2on-s__7,42,to
-t217m2on-s$_$7,-t217m2on-s__7,43,deal
-t217m2on-s$_$7,-t217m2on-s__7,44,with
-tANM6ETl_M$_$3,-tANM6ETl_M__3,0,The
-tANM6ETl_M$_$3,-tANM6ETl_M__3,1,first
-tANM6ETl_M$_$3,-tANM6ETl_M__3,2,place
-tANM6ETl_M$_$3,-tANM6ETl_M__3,3,is
-tANM6ETl_M$_$3,-tANM6ETl_M__3,4,either
-tANM6ETl_M$_$3,-tANM6ETl_M__3,5,you
-tANM6ETl_M$_$3,-tANM6ETl_M__3,6,have
-tANM6ETl_M$_$3,-tANM6ETl_M__3,7,a
-tANM6ETl_M$_$3,-tANM6ETl_M__3,8,prospect
-tANM6ETl_M$_$3,-tANM6ETl_M__3,9,or
-tANM6ETl_M$_$3,-tANM6ETl_M__3,10,a
-tANM6ETl_M$_$3,-tANM6ETl_M__3,11,customer
-tANM6ETl_M$_$3,-tANM6ETl_M__3,12,who's
-tANM6ETl_M$_$3,-tANM6ETl_M__3,13,never
-tANM6ETl_M$_$3,-tANM6ETl_M__3,14,done
-tANM6ETl_M$_$3,-tANM6ETl_M__3,15,it
-tANM6ETl_M$_$3,-tANM6ETl_M__3,16,before
-tANM6ETl_M$_$3,-tANM6ETl_M__3,17,or
-tANM6ETl_M$_$3,-tANM6ETl_M__3,18,they've
-tANM6ETl_M$_$3,-tANM6ETl_M__3,19,never
-tANM6ETl_M$_$3,-tANM6ETl_M__3,20,tried
-tANM6ETl_M$_$3,-tANM6ETl_M__3,21,it
-tPCytz4rww$_$11,-tPCytz4rww__11,0,Make
-tPCytz4rww$_$11,-tPCytz4rww__11,1,sure
-tPCytz4rww$_$11,-tPCytz4rww__11,2,that
-tPCytz4rww$_$11,-tPCytz4rww__11,3,your
-tPCytz4rww$_$11,-tPCytz4rww__11,4,using
-tPCytz4rww$_$11,-tPCytz4rww__11,5,comps
-tPCytz4rww$_$11,-tPCytz4rww__11,6,that
-tPCytz4rww$_$11,-tPCytz4rww__11,7,are
-tPCytz4rww$_$11,-tPCytz4rww__11,8,not
-tPCytz4rww$_$11,-tPCytz4rww__11,9,larger
-tPCytz4rww$_$11,-tPCytz4rww__11,10,no
-tPCytz4rww$_$11,-tPCytz4rww__11,11,larger
-tPCytz4rww$_$11,-tPCytz4rww__11,12,than
-tPCytz4rww$_$11,-tPCytz4rww__11,13,twelve
-tPCytz4rww$_$11,-tPCytz4rww__11,14,hundred
-tPCytz4rww$_$11,-tPCytz4rww__11,15,square
-tPCytz4rww$_$11,-tPCytz4rww__11,16,feet
-tPCytz4rww$_$10,-tPCytz4rww__10,0,Say
-tPCytz4rww$_$10,-tPCytz4rww__10,1,twenty
-tPCytz4rww$_$10,-tPCytz4rww__10,2,percent
-tPCytz4rww$_$10,-tPCytz4rww__10,3,so
-tPCytz4rww$_$10,-tPCytz4rww__10,4,if
-tPCytz4rww$_$10,-tPCytz4rww__10,5,you've
-tPCytz4rww$_$10,-tPCytz4rww__10,6,got
-tPCytz4rww$_$10,-tPCytz4rww__10,7,a
-tPCytz4rww$_$10,-tPCytz4rww__10,8,thousand
-tPCytz4rww$_$10,-tPCytz4rww__10,9,square
-tPCytz4rww$_$10,-tPCytz4rww__10,10,foot
-tPCytz4rww$_$10,-tPCytz4rww__10,11,condo
-tPCytz4rww$_$12,-tPCytz4rww__12,0,No
-tPCytz4rww$_$12,-tPCytz4rww__12,1,less
-tPCytz4rww$_$12,-tPCytz4rww__12,2,than
-tPCytz4rww$_$12,-tPCytz4rww__12,3,eight
-tPCytz4rww$_$12,-tPCytz4rww__12,4,hundred
-tPCytz4rww$_$12,-tPCytz4rww__12,5,squire
-tPCytz4rww$_$12,-tPCytz4rww__12,6,feet
-tPCytz4rww$_$12,-tPCytz4rww__12,7,and
-tPCytz4rww$_$12,-tPCytz4rww__12,8,going
-tPCytz4rww$_$12,-tPCytz4rww__12,9,to
-tPCytz4rww$_$12,-tPCytz4rww__12,10,similar
-tPCytz4rww$_$12,-tPCytz4rww__12,11,in
-tPCytz4rww$_$12,-tPCytz4rww__12,12,similar
-tPCytz4rww$_$12,-tPCytz4rww__12,13,with
-tPCytz4rww$_$12,-tPCytz4rww__12,14,bedrooms
-tPCytz4rww$_$12,-tPCytz4rww__12,15,and
-tPCytz4rww$_$12,-tPCytz4rww__12,16,bathrooms
-tPCytz4rww$_$12,-tPCytz4rww__12,17,as
-tPCytz4rww$_$12,-tPCytz4rww__12,18,well
-tPCytz4rww$_$12,-tPCytz4rww__12,19,and
-tPCytz4rww$_$12,-tPCytz4rww__12,20,hopefully
-tPCytz4rww$_$12,-tPCytz4rww__12,21,the
-tPCytz4rww$_$12,-tPCytz4rww__12,22,complexes
-tPCytz4rww$_$12,-tPCytz4rww__12,23,have
-tPCytz4rww$_$12,-tPCytz4rww__12,24,similar
-tPCytz4rww$_$12,-tPCytz4rww__12,25,amenities
-tPCytz4rww$_$16,-tPCytz4rww__16,0,So
-tPCytz4rww$_$16,-tPCytz4rww__16,1,make
-tPCytz4rww$_$16,-tPCytz4rww__16,2,sure
-tPCytz4rww$_$16,-tPCytz4rww__16,3,to
-tPCytz4rww$_$16,-tPCytz4rww__16,4,get
-tPCytz4rww$_$16,-tPCytz4rww__16,5,a
-tPCytz4rww$_$16,-tPCytz4rww__16,6,through
-tPCytz4rww$_$16,-tPCytz4rww__16,7,or
-tPCytz4rww$_$16,-tPCytz4rww__16,8,to
-tPCytz4rww$_$16,-tPCytz4rww__16,9,do
-tPCytz4rww$_$16,-tPCytz4rww__16,10,a
-tPCytz4rww$_$16,-tPCytz4rww__16,11,through
-tPCytz4rww$_$16,-tPCytz4rww__16,12,cleaning
-tPCytz4rww$_$16,-tPCytz4rww__16,13,of
-tPCytz4rww$_$16,-tPCytz4rww__16,14,the
-tPCytz4rww$_$16,-tPCytz4rww__16,15,property
-tPCytz4rww$_$18,-tPCytz4rww__18,0,Do
-tPCytz4rww$_$18,-tPCytz4rww__18,1,so
-tPCytz4rww$_$18,-tPCytz4rww__18,2,and
-tPCytz4rww$_$18,-tPCytz4rww__18,3,as
-tPCytz4rww$_$18,-tPCytz4rww__18,4,well
-tPCytz4rww$_$18,-tPCytz4rww__18,5,you'll
-tPCytz4rww$_$18,-tPCytz4rww__18,6,also
-tPCytz4rww$_$18,-tPCytz4rww__18,7,want
-tPCytz4rww$_$18,-tPCytz4rww__18,8,to
-tPCytz4rww$_$18,-tPCytz4rww__18,9,remove
-tPCytz4rww$_$18,-tPCytz4rww__18,10,any
-tPCytz4rww$_$18,-tPCytz4rww__18,11,clutter
-tPCytz4rww$_$18,-tPCytz4rww__18,12,from
-tPCytz4rww$_$18,-tPCytz4rww__18,13,that
-tPCytz4rww$_$18,-tPCytz4rww__18,14,you've
-tPCytz4rww$_$18,-tPCytz4rww__18,15,accumulated
-vxjVxOeScU$_$4,-vxjVxOeScU__4,0,You're
-vxjVxOeScU$_$4,-vxjVxOeScU__4,1,going
-vxjVxOeScU$_$4,-vxjVxOeScU__4,2,to
-vxjVxOeScU$_$4,-vxjVxOeScU__4,3,talk
-vxjVxOeScU$_$4,-vxjVxOeScU__4,4,about
-vxjVxOeScU$_$4,-vxjVxOeScU__4,5,their
-vxjVxOeScU$_$4,-vxjVxOeScU__4,6,life
-vxjVxOeScU$_$4,-vxjVxOeScU__4,7,their
-vxjVxOeScU$_$4,-vxjVxOeScU__4,8,marriage
-vxjVxOeScU$_$4,-vxjVxOeScU__4,9,and
-vxjVxOeScU$_$4,-vxjVxOeScU__4,10,usually
-vxjVxOeScU$_$4,-vxjVxOeScU__4,11,how
-vxjVxOeScU$_$4,-vxjVxOeScU__4,12,amazing
-vxjVxOeScU$_$4,-vxjVxOeScU__4,13,it
-vxjVxOeScU$_$4,-vxjVxOeScU__4,14,is
-vxjVxOeScU$_$4,-vxjVxOeScU__4,15,that
-vxjVxOeScU$_$4,-vxjVxOeScU__4,16,they've
-vxjVxOeScU$_$4,-vxjVxOeScU__4,17,stayed
-vxjVxOeScU$_$4,-vxjVxOeScU__4,18,together
-vxjVxOeScU$_$4,-vxjVxOeScU__4,19,this
-vxjVxOeScU$_$4,-vxjVxOeScU__4,20,long
-wMB_hJL-3o$_$7,-wMB_hJL-3o__7,0,So
-wMB_hJL-3o$_$7,-wMB_hJL-3o__7,1,if
-wMB_hJL-3o$_$7,-wMB_hJL-3o__7,2,you
-wMB_hJL-3o$_$7,-wMB_hJL-3o__7,3,have
-wMB_hJL-3o$_$7,-wMB_hJL-3o__7,4,a
-wMB_hJL-3o$_$7,-wMB_hJL-3o__7,5,loved
-wMB_hJL-3o$_$7,-wMB_hJL-3o__7,6,one
-wMB_hJL-3o$_$7,-wMB_hJL-3o__7,7,who
-wMB_hJL-3o$_$7,-wMB_hJL-3o__7,8,is
-wMB_hJL-3o$_$7,-wMB_hJL-3o__7,9,depressed
-wMB_hJL-3o$_$7,-wMB_hJL-3o__7,10,those
-wMB_hJL-3o$_$7,-wMB_hJL-3o__7,11,are
-wMB_hJL-3o$_$7,-wMB_hJL-3o__7,12,some
-wMB_hJL-3o$_$7,-wMB_hJL-3o__7,13,of
-wMB_hJL-3o$_$7,-wMB_hJL-3o__7,14,the
-wMB_hJL-3o$_$7,-wMB_hJL-3o__7,15,things
-wMB_hJL-3o$_$7,-wMB_hJL-3o__7,16,that
-wMB_hJL-3o$_$7,-wMB_hJL-3o__7,17,you
-wMB_hJL-3o$_$7,-wMB_hJL-3o__7,18,should
-wMB_hJL-3o$_$7,-wMB_hJL-3o__7,19,think
-wMB_hJL-3o$_$7,-wMB_hJL-3o__7,20,about
-wMB_hJL-3o$_$7,-wMB_hJL-3o__7,21,doing
-wny0OAz3g8$_$1,-wny0OAz3g8__1,0,And
-wny0OAz3g8$_$1,-wny0OAz3g8__1,1,because
-wny0OAz3g8$_$1,-wny0OAz3g8__1,2,they
-wny0OAz3g8$_$1,-wny0OAz3g8__1,3,couldn’t
-wny0OAz3g8$_$1,-wny0OAz3g8__1,4,join
-wny0OAz3g8$_$1,-wny0OAz3g8__1,5,unions
-wny0OAz3g8$_$1,-wny0OAz3g8__1,6,many
-wny0OAz3g8$_$1,-wny0OAz3g8__1,7,Black
-wny0OAz3g8$_$1,-wny0OAz3g8__1,8,workers
-wny0OAz3g8$_$1,-wny0OAz3g8__1,9,couldn’t
-wny0OAz3g8$_$1,-wny0OAz3g8__1,10,get
-wny0OAz3g8$_$1,-wny0OAz3g8__1,11,manufacturing
-wny0OAz3g8$_$1,-wny0OAz3g8__1,12,or
-wny0OAz3g8$_$1,-wny0OAz3g8__1,13,trade
-wny0OAz3g8$_$1,-wny0OAz3g8__1,14,work
-wny0OAz3g8$_$1,-wny0OAz3g8__1,15,which
-wny0OAz3g8$_$1,-wny0OAz3g8__1,16,paid
-wny0OAz3g8$_$1,-wny0OAz3g8__1,17,much
-wny0OAz3g8$_$1,-wny0OAz3g8__1,18,better
-wny0OAz3g8$_$1,-wny0OAz3g8__1,19,than
-wny0OAz3g8$_$1,-wny0OAz3g8__1,20,service
-wny0OAz3g8$_$1,-wny0OAz3g8__1,21,work
-wny0OAz3g8$_$0,-wny0OAz3g8__0,0,trade
-wny0OAz3g8$_$0,-wny0OAz3g8__0,1,labor
-wny0OAz3g8$_$0,-wny0OAz3g8__0,2,unions
-wny0OAz3g8$_$0,-wny0OAz3g8__0,3,didn’t
-wny0OAz3g8$_$0,-wny0OAz3g8__0,4,allow
-wny0OAz3g8$_$0,-wny0OAz3g8__0,5,Black
-wny0OAz3g8$_$0,-wny0OAz3g8__0,6,workers
-wny0OAz3g8$_$0,-wny0OAz3g8__0,7,to
-wny0OAz3g8$_$0,-wny0OAz3g8__0,8,join
-wny0OAz3g8$_$3,-wny0OAz3g8__3,0,Which
-wny0OAz3g8$_$3,-wny0OAz3g8__3,1,then
-wny0OAz3g8$_$3,-wny0OAz3g8__3,2,allowed
-wny0OAz3g8$_$3,-wny0OAz3g8__3,3,the
-wny0OAz3g8$_$3,-wny0OAz3g8__3,4,white
-wny0OAz3g8$_$3,-wny0OAz3g8__3,5,workers
-wny0OAz3g8$_$3,-wny0OAz3g8__3,6,and
-wny0OAz3g8$_$3,-wny0OAz3g8__3,7,unions
-wny0OAz3g8$_$3,-wny0OAz3g8__3,8,to
-wny0OAz3g8$_$3,-wny0OAz3g8__3,9,justify
-wny0OAz3g8$_$3,-wny0OAz3g8__3,10,their
-wny0OAz3g8$_$3,-wny0OAz3g8__3,11,decision
-wny0OAz3g8$_$3,-wny0OAz3g8__3,12,to
-wny0OAz3g8$_$3,-wny0OAz3g8__3,13,not
-wny0OAz3g8$_$3,-wny0OAz3g8__3,14,allow
-wny0OAz3g8$_$3,-wny0OAz3g8__3,15,black
-wny0OAz3g8$_$3,-wny0OAz3g8__3,16,workers
-wny0OAz3g8$_$3,-wny0OAz3g8__3,17,into
-wny0OAz3g8$_$3,-wny0OAz3g8__3,18,their
-wny0OAz3g8$_$3,-wny0OAz3g8__3,19,union
-wny0OAz3g8$_$2,-wny0OAz3g8__2,0,And
-wny0OAz3g8$_$2,-wny0OAz3g8__2,1,because
-wny0OAz3g8$_$2,-wny0OAz3g8__2,2,they
-wny0OAz3g8$_$2,-wny0OAz3g8__2,3,couldn’t
-wny0OAz3g8$_$2,-wny0OAz3g8__2,4,get
-wny0OAz3g8$_$2,-wny0OAz3g8__2,5,these
-wny0OAz3g8$_$2,-wny0OAz3g8__2,6,jobs
-wny0OAz3g8$_$2,-wny0OAz3g8__2,7,Black
-wny0OAz3g8$_$2,-wny0OAz3g8__2,8,communities
-wny0OAz3g8$_$2,-wny0OAz3g8__2,9,had
-wny0OAz3g8$_$2,-wny0OAz3g8__2,10,more
-wny0OAz3g8$_$2,-wny0OAz3g8__2,11,men
-wny0OAz3g8$_$2,-wny0OAz3g8__2,12,out
-wny0OAz3g8$_$2,-wny0OAz3g8__2,13,of
-wny0OAz3g8$_$2,-wny0OAz3g8__2,14,work
-wny0OAz3g8$_$2,-wny0OAz3g8__2,15,higher
-wny0OAz3g8$_$2,-wny0OAz3g8__2,16,rates
-wny0OAz3g8$_$2,-wny0OAz3g8__2,17,of
-wny0OAz3g8$_$2,-wny0OAz3g8__2,18,poverty
-wny0OAz3g8$_$2,-wny0OAz3g8__2,19,and
-wny0OAz3g8$_$2,-wny0OAz3g8__2,20,more
-wny0OAz3g8$_$2,-wny0OAz3g8__2,21,criminal
-wny0OAz3g8$_$2,-wny0OAz3g8__2,22,behavior
-wny0OAz3g8$_$5,-wny0OAz3g8__5,0,This
-wny0OAz3g8$_$5,-wny0OAz3g8__5,1,is
-wny0OAz3g8$_$5,-wny0OAz3g8__5,2,what’s
-wny0OAz3g8$_$5,-wny0OAz3g8__5,3,now
-wny0OAz3g8$_$5,-wny0OAz3g8__5,4,known
-wny0OAz3g8$_$5,-wny0OAz3g8__5,5,as
-wny0OAz3g8$_$5,-wny0OAz3g8__5,6,racial
-wny0OAz3g8$_$5,-wny0OAz3g8__5,7,formation
-wny0OAz3g8$_$5,-wny0OAz3g8__5,8,theory
-wny0OAz3g8$_$5,-wny0OAz3g8__5,9,a
-wny0OAz3g8$_$5,-wny0OAz3g8__5,10,theory
-wny0OAz3g8$_$5,-wny0OAz3g8__5,11,formalized
-wny0OAz3g8$_$5,-wny0OAz3g8__5,12,by
-wny0OAz3g8$_$5,-wny0OAz3g8__5,13,modern
-wny0OAz3g8$_$5,-wny0OAz3g8__5,14,sociologists
-wny0OAz3g8$_$5,-wny0OAz3g8__5,15,Michael
-wny0OAz3g8$_$5,-wny0OAz3g8__5,16,Omi
-wny0OAz3g8$_$5,-wny0OAz3g8__5,17,and
-wny0OAz3g8$_$5,-wny0OAz3g8__5,18,Howard
-wny0OAz3g8$_$5,-wny0OAz3g8__5,19,Winant
-wny0OAz3g8$_$7,-wny0OAz3g8__7,0,Omi
-wny0OAz3g8$_$7,-wny0OAz3g8__7,1,and
-wny0OAz3g8$_$7,-wny0OAz3g8__7,2,Winant
-wny0OAz3g8$_$7,-wny0OAz3g8__7,3,argue
-wny0OAz3g8$_$7,-wny0OAz3g8__7,4,that
-wny0OAz3g8$_$7,-wny0OAz3g8__7,5,the
-wny0OAz3g8$_$7,-wny0OAz3g8__7,6,concept
-wny0OAz3g8$_$7,-wny0OAz3g8__7,7,of
-wny0OAz3g8$_$7,-wny0OAz3g8__7,8,race
-wny0OAz3g8$_$7,-wny0OAz3g8__7,9,came
-wny0OAz3g8$_$7,-wny0OAz3g8__7,10,about
-wny0OAz3g8$_$7,-wny0OAz3g8__7,11,as
-wny0OAz3g8$_$7,-wny0OAz3g8__7,12,a
-wny0OAz3g8$_$7,-wny0OAz3g8__7,13,tool
-wny0OAz3g8$_$7,-wny0OAz3g8__7,14,to
-wny0OAz3g8$_$7,-wny0OAz3g8__7,15,justify
-wny0OAz3g8$_$7,-wny0OAz3g8__7,16,and
-wny0OAz3g8$_$7,-wny0OAz3g8__7,17,maintain
-wny0OAz3g8$_$7,-wny0OAz3g8__7,18,the
-wny0OAz3g8$_$7,-wny0OAz3g8__7,19,economic
-wny0OAz3g8$_$7,-wny0OAz3g8__7,20,and
-wny0OAz3g8$_$7,-wny0OAz3g8__7,21,political
-wny0OAz3g8$_$7,-wny0OAz3g8__7,22,power
-wny0OAz3g8$_$7,-wny0OAz3g8__7,23,held
-wny0OAz3g8$_$7,-wny0OAz3g8__7,24,by
-wny0OAz3g8$_$7,-wny0OAz3g8__7,25,those
-wny0OAz3g8$_$7,-wny0OAz3g8__7,26,of
-wny0OAz3g8$_$7,-wny0OAz3g8__7,27,European
-wny0OAz3g8$_$7,-wny0OAz3g8__7,28,descent
-wny0OAz3g8$_$9,-wny0OAz3g8__9,0,He
-wny0OAz3g8$_$9,-wny0OAz3g8__9,1,explores
-wny0OAz3g8$_$9,-wny0OAz3g8__9,2,why
-wny0OAz3g8$_$9,-wny0OAz3g8__9,3,Black
-wny0OAz3g8$_$9,-wny0OAz3g8__9,4,and
-wny0OAz3g8$_$9,-wny0OAz3g8__9,5,White
-wny0OAz3g8$_$9,-wny0OAz3g8__9,6,Americans
-wny0OAz3g8$_$9,-wny0OAz3g8__9,7,tend
-wny0OAz3g8$_$9,-wny0OAz3g8__9,8,to
-wny0OAz3g8$_$9,-wny0OAz3g8__9,9,have
-wny0OAz3g8$_$9,-wny0OAz3g8__9,10,such
-wny0OAz3g8$_$9,-wny0OAz3g8__9,11,different
-wny0OAz3g8$_$9,-wny0OAz3g8__9,12,outcomes
-wny0OAz3g8$_$9,-wny0OAz3g8__9,13,in
-wny0OAz3g8$_$9,-wny0OAz3g8__9,14,terms
-wny0OAz3g8$_$9,-wny0OAz3g8__9,15,of
-wny0OAz3g8$_$9,-wny0OAz3g8__9,16,income
-wny0OAz3g8$_$9,-wny0OAz3g8__9,17,education
-wny0OAz3g8$_$9,-wny0OAz3g8__9,18,and
-wny0OAz3g8$_$9,-wny0OAz3g8__9,19,more
-571d8cVauQ$_$0,-571d8cVauQ__0,0,This
-571d8cVauQ$_$0,-571d8cVauQ__0,1,is
-571d8cVauQ$_$0,-571d8cVauQ__0,2,Rhett
-571d8cVauQ$_$0,-571d8cVauQ__0,3,Reiger
-571d8cVauQ$_$0,-571d8cVauQ__0,4,White
-571d8cVauQ$_$0,-571d8cVauQ__0,5,Caspian
-571d8cVauQ$_$0,-571d8cVauQ__0,6,Studios
-571d8cVauQ$_$0,-571d8cVauQ__0,7,on
-571d8cVauQ$_$0,-571d8cVauQ__0,8,behalf
-571d8cVauQ$_$0,-571d8cVauQ__0,9,of
-571d8cVauQ$_$0,-571d8cVauQ__0,10,Expert
-571d8cVauQ$_$0,-571d8cVauQ__0,11,Village
-571d8cVauQ$_$5,-571d8cVauQ__5,0,So
-571d8cVauQ$_$5,-571d8cVauQ__5,1,very
-571d8cVauQ$_$5,-571d8cVauQ__5,2,important
-571d8cVauQ$_$5,-571d8cVauQ__5,3,to
-571d8cVauQ$_$5,-571d8cVauQ__5,4,go
-571d8cVauQ$_$5,-571d8cVauQ__5,5,out
-571d8cVauQ$_$5,-571d8cVauQ__5,6,to
-571d8cVauQ$_$5,-571d8cVauQ__5,7,the
-571d8cVauQ$_$5,-571d8cVauQ__5,8,locations
-571d8cVauQ$_$5,-571d8cVauQ__5,9,walk
-571d8cVauQ$_$5,-571d8cVauQ__5,10,around
-571d8cVauQ$_$5,-571d8cVauQ__5,11,talk
-571d8cVauQ$_$5,-571d8cVauQ__5,12,with
-571d8cVauQ$_$5,-571d8cVauQ__5,13,the
-571d8cVauQ$_$5,-571d8cVauQ__5,14,owners
-571d8cVauQ$_$5,-571d8cVauQ__5,15,if
-571d8cVauQ$_$5,-571d8cVauQ__5,16,you
-571d8cVauQ$_$5,-571d8cVauQ__5,17,can
-571d8cVauQ$_$5,-571d8cVauQ__5,18,tell
-571d8cVauQ$_$5,-571d8cVauQ__5,19,them
-571d8cVauQ$_$5,-571d8cVauQ__5,20,what
-571d8cVauQ$_$5,-571d8cVauQ__5,21,you're
-571d8cVauQ$_$5,-571d8cVauQ__5,22,doing
-571d8cVauQ$_$5,-571d8cVauQ__5,23,build
-571d8cVauQ$_$5,-571d8cVauQ__5,24,a
-571d8cVauQ$_$5,-571d8cVauQ__5,25,little
-571d8cVauQ$_$5,-571d8cVauQ__5,26,excitement
-571d8cVauQ$_$5,-571d8cVauQ__5,27,put
-571d8cVauQ$_$5,-571d8cVauQ__5,28,a
-571d8cVauQ$_$5,-571d8cVauQ__5,29,little
-571d8cVauQ$_$5,-571d8cVauQ__5,30,glitz
-571d8cVauQ$_$5,-571d8cVauQ__5,31,on
-571d8cVauQ$_$5,-571d8cVauQ__5,32,there
-571d8cVauQ$_$5,-571d8cVauQ__5,33,and
-571d8cVauQ$_$5,-571d8cVauQ__5,34,let
-571d8cVauQ$_$5,-571d8cVauQ__5,35,everybody
-571d8cVauQ$_$5,-571d8cVauQ__5,36,knows
-571d8cVauQ$_$5,-571d8cVauQ__5,37,this
-571d8cVauQ$_$5,-571d8cVauQ__5,38,is
-571d8cVauQ$_$5,-571d8cVauQ__5,39,a
-571d8cVauQ$_$5,-571d8cVauQ__5,40,very
-571d8cVauQ$_$5,-571d8cVauQ__5,41,valuable
-571d8cVauQ$_$5,-571d8cVauQ__5,42,spot
-I_e4mIh0yE$_$1,-I_e4mIh0yE__1,0,In
-I_e4mIh0yE$_$1,-I_e4mIh0yE__1,1,the
-I_e4mIh0yE$_$1,-I_e4mIh0yE__1,2,United
-I_e4mIh0yE$_$1,-I_e4mIh0yE__1,3,States
-I_e4mIh0yE$_$1,-I_e4mIh0yE__1,4,we
-I_e4mIh0yE$_$1,-I_e4mIh0yE__1,5,don't
-I_e4mIh0yE$_$1,-I_e4mIh0yE__1,6,punish
-I_e4mIh0yE$_$1,-I_e4mIh0yE__1,7,failure
-I_e4mIh0yE$_$1,-I_e4mIh0yE__1,8,to
-I_e4mIh0yE$_$1,-I_e4mIh0yE__1,9,the
-I_e4mIh0yE$_$1,-I_e4mIh0yE__1,10,degree
-I_e4mIh0yE$_$1,-I_e4mIh0yE__1,11,to
-I_e4mIh0yE$_$1,-I_e4mIh0yE__1,12,which
-I_e4mIh0yE$_$1,-I_e4mIh0yE__1,13,failure
-I_e4mIh0yE$_$1,-I_e4mIh0yE__1,14,is
-I_e4mIh0yE$_$1,-I_e4mIh0yE__1,15,punished
-I_e4mIh0yE$_$1,-I_e4mIh0yE__1,16,in
-I_e4mIh0yE$_$1,-I_e4mIh0yE__1,17,Europe
-I_e4mIh0yE$_$3,-I_e4mIh0yE__3,0,It's
-I_e4mIh0yE$_$3,-I_e4mIh0yE__3,1,perceived
-I_e4mIh0yE$_$3,-I_e4mIh0yE__3,2,that
-I_e4mIh0yE$_$3,-I_e4mIh0yE__3,3,you
-I_e4mIh0yE$_$3,-I_e4mIh0yE__3,4,have
-I_e4mIh0yE$_$3,-I_e4mIh0yE__3,5,actually
-I_e4mIh0yE$_$3,-I_e4mIh0yE__3,6,learned
-I_e4mIh0yE$_$3,-I_e4mIh0yE__3,7,something
-I_e4mIh0yE$_$3,-I_e4mIh0yE__3,8,over
-I_e4mIh0yE$_$3,-I_e4mIh0yE__3,9,the
-I_e4mIh0yE$_$3,-I_e4mIh0yE__3,10,course
-I_e4mIh0yE$_$3,-I_e4mIh0yE__3,11,of
-I_e4mIh0yE$_$3,-I_e4mIh0yE__3,12,your
-I_e4mIh0yE$_$3,-I_e4mIh0yE__3,13,carreer
-I_e4mIh0yE$_$3,-I_e4mIh0yE__3,14,and
-I_e4mIh0yE$_$3,-I_e4mIh0yE__3,15,that
-I_e4mIh0yE$_$3,-I_e4mIh0yE__3,16,you
-I_e4mIh0yE$_$3,-I_e4mIh0yE__3,17,won't
-I_e4mIh0yE$_$3,-I_e4mIh0yE__3,18,make
-I_e4mIh0yE$_$3,-I_e4mIh0yE__3,19,the
-I_e4mIh0yE$_$3,-I_e4mIh0yE__3,20,mistake
-I_e4mIh0yE$_$3,-I_e4mIh0yE__3,21,twice
-UacrmKiTn4$_$10,-UacrmKiTn4__10,0,Because
-UacrmKiTn4$_$10,-UacrmKiTn4__10,1,if
-UacrmKiTn4$_$10,-UacrmKiTn4__10,2,they
-UacrmKiTn4$_$10,-UacrmKiTn4__10,3,are
-UacrmKiTn4$_$10,-UacrmKiTn4__10,4,not
-UacrmKiTn4$_$10,-UacrmKiTn4__10,5,in
-UacrmKiTn4$_$10,-UacrmKiTn4__10,6,any
-UacrmKiTn4$_$10,-UacrmKiTn4__10,7,way
-UacrmKiTn4$_$10,-UacrmKiTn4__10,8,held
-UacrmKiTn4$_$10,-UacrmKiTn4__10,9,accountable
-UacrmKiTn4$_$10,-UacrmKiTn4__10,10,for
-UacrmKiTn4$_$10,-UacrmKiTn4__10,11,reading
-UacrmKiTn4$_$10,-UacrmKiTn4__10,12,the
-UacrmKiTn4$_$10,-UacrmKiTn4__10,13,material
-UacrmKiTn4$_$10,-UacrmKiTn4__10,14,they
-UacrmKiTn4$_$10,-UacrmKiTn4__10,15,won't
-UacrmKiTn4$_$10,-UacrmKiTn4__10,16,do
-UacrmKiTn4$_$10,-UacrmKiTn4__10,17,it
-UacrmKiTn4$_$4,-UacrmKiTn4__4,0,Just
-UacrmKiTn4$_$4,-UacrmKiTn4__4,1,given
-UacrmKiTn4$_$4,-UacrmKiTn4__4,2,to
-UacrmKiTn4$_$4,-UacrmKiTn4__4,3,their
-UacrmKiTn4$_$4,-UacrmKiTn4__4,4,own
-UacrmKiTn4$_$4,-UacrmKiTn4__4,5,devices
-UacrmKiTn4$_$4,-UacrmKiTn4__4,6,they
-UacrmKiTn4$_$4,-UacrmKiTn4__4,7,are
-UacrmKiTn4$_$4,-UacrmKiTn4__4,8,not
-UacrmKiTn4$_$4,-UacrmKiTn4__4,9,going
-UacrmKiTn4$_$4,-UacrmKiTn4__4,10,to
-UacrmKiTn4$_$4,-UacrmKiTn4__4,11,read
-UacrmKiTn4$_$4,-UacrmKiTn4__4,12,the
-UacrmKiTn4$_$4,-UacrmKiTn4__4,13,textbook
-hnBHBN8p5A$_$7,-hnBHBN8p5A__7,0,Picture
-hnBHBN8p5A$_$7,-hnBHBN8p5A__7,1,this
-hnBHBN8p5A$_$7,-hnBHBN8p5A__7,2,before
-hnBHBN8p5A$_$7,-hnBHBN8p5A__7,3,we
-hnBHBN8p5A$_$7,-hnBHBN8p5A__7,4,actually
-hnBHBN8p5A$_$7,-hnBHBN8p5A__7,5,start
-hnBHBN8p5A$_$7,-hnBHBN8p5A__7,6,hacking
-hnBHBN8p5A$_$7,-hnBHBN8p5A__7,7,we’re
-hnBHBN8p5A$_$7,-hnBHBN8p5A__7,8,in
-hnBHBN8p5A$_$7,-hnBHBN8p5A__7,9,a
-hnBHBN8p5A$_$7,-hnBHBN8p5A__7,10,room
-hnBHBN8p5A$_$7,-hnBHBN8p5A__7,11,formal
-hnBHBN8p5A$_$7,-hnBHBN8p5A__7,12,setting
-hnBHBN8p5A$_$6,-hnBHBN8p5A__6,0,Discussion
-hnBHBN8p5A$_$6,-hnBHBN8p5A__6,1,how
-hnBHBN8p5A$_$6,-hnBHBN8p5A__6,2,to
-hnBHBN8p5A$_$6,-hnBHBN8p5A__6,3,discuss
-hnBHBN8p5A$_$6,-hnBHBN8p5A__6,4,ideas
-hnBHBN8p5A$_$6,-hnBHBN8p5A__6,5,and
-hnBHBN8p5A$_$6,-hnBHBN8p5A__6,6,opinions
-hnBHBN8p5A$_$6,-hnBHBN8p5A__6,7,more
-hnBHBN8p5A$_$6,-hnBHBN8p5A__6,8,effectively
-hnBHBN8p5A$_$6,-hnBHBN8p5A__6,9,than
-hnBHBN8p5A$_$6,-hnBHBN8p5A__6,10,a
-hnBHBN8p5A$_$6,-hnBHBN8p5A__6,11,native
-hnBHBN8p5A$_$6,-hnBHBN8p5A__6,12,speaker
-qDkUB0GgYY$_$6,-qDkUB0GgYY__6,0,We
-qDkUB0GgYY$_$6,-qDkUB0GgYY__6,1,always
-qDkUB0GgYY$_$6,-qDkUB0GgYY__6,2,love
-qDkUB0GgYY$_$6,-qDkUB0GgYY__6,3,to
-qDkUB0GgYY$_$6,-qDkUB0GgYY__6,4,hear
-qDkUB0GgYY$_$6,-qDkUB0GgYY__6,5,what
-qDkUB0GgYY$_$6,-qDkUB0GgYY__6,6,you
-qDkUB0GgYY$_$6,-qDkUB0GgYY__6,7,say
-qDkUB0GgYY$_$6,-qDkUB0GgYY__6,8,and
-qDkUB0GgYY$_$6,-qDkUB0GgYY__6,9,like
-qDkUB0GgYY$_$6,-qDkUB0GgYY__6,10,and
-qDkUB0GgYY$_$6,-qDkUB0GgYY__6,11,share
-qDkUB0GgYY$_$6,-qDkUB0GgYY__6,12,this
-qDkUB0GgYY$_$6,-qDkUB0GgYY__6,13,video
-qDkUB0GgYY$_$6,-qDkUB0GgYY__6,14,as
-qDkUB0GgYY$_$6,-qDkUB0GgYY__6,15,well
-uywlfIYOS8$_$4,-uywlfIYOS8__4,0,And
-uywlfIYOS8$_$4,-uywlfIYOS8__4,1,then
-uywlfIYOS8$_$4,-uywlfIYOS8__4,2,from
-uywlfIYOS8$_$4,-uywlfIYOS8__4,3,a
-uywlfIYOS8$_$4,-uywlfIYOS8__4,4,brand
-uywlfIYOS8$_$4,-uywlfIYOS8__4,5,point
-uywlfIYOS8$_$4,-uywlfIYOS8__4,6,of
-uywlfIYOS8$_$4,-uywlfIYOS8__4,7,view
-uywlfIYOS8$_$4,-uywlfIYOS8__4,8,we
-uywlfIYOS8$_$4,-uywlfIYOS8__4,9,need
-uywlfIYOS8$_$4,-uywlfIYOS8__4,10,to
-uywlfIYOS8$_$4,-uywlfIYOS8__4,11,make
-uywlfIYOS8$_$4,-uywlfIYOS8__4,12,sure
-uywlfIYOS8$_$4,-uywlfIYOS8__4,13,we're
-uywlfIYOS8$_$4,-uywlfIYOS8__4,14,driving
-uywlfIYOS8$_$4,-uywlfIYOS8__4,15,the
-uywlfIYOS8$_$4,-uywlfIYOS8__4,16,relevant
-uywlfIYOS8$_$4,-uywlfIYOS8__4,17,insight
-6rXp3zJ3kc$_$8,-6rXp3zJ3kc__8,0,Many
-6rXp3zJ3kc$_$8,-6rXp3zJ3kc__8,1,people
-6rXp3zJ3kc$_$8,-6rXp3zJ3kc__8,2,are
-6rXp3zJ3kc$_$8,-6rXp3zJ3kc__8,3,not
-6rXp3zJ3kc$_$8,-6rXp3zJ3kc__8,4,until
-6rXp3zJ3kc$_$8,-6rXp3zJ3kc__8,5,they
-6rXp3zJ3kc$_$8,-6rXp3zJ3kc__8,6,get
-6rXp3zJ3kc$_$8,-6rXp3zJ3kc__8,7,to
-6rXp3zJ3kc$_$8,-6rXp3zJ3kc__8,8,be
-6rXp3zJ3kc$_$8,-6rXp3zJ3kc__8,9,a
-6rXp3zJ3kc$_$8,-6rXp3zJ3kc__8,10,older
-6rXp3zJ3kc$_$8,-6rXp3zJ3kc__8,11,age
-6rXp3zJ3kc$_$8,-6rXp3zJ3kc__8,12,and
-6rXp3zJ3kc$_$8,-6rXp3zJ3kc__8,13,they
-6rXp3zJ3kc$_$8,-6rXp3zJ3kc__8,14,realize
-6rXp3zJ3kc$_$8,-6rXp3zJ3kc__8,15,that
-6rXp3zJ3kc$_$8,-6rXp3zJ3kc__8,16,gosh
-6rXp3zJ3kc$_$8,-6rXp3zJ3kc__8,17,they
-6rXp3zJ3kc$_$8,-6rXp3zJ3kc__8,18,wasted
-6rXp3zJ3kc$_$8,-6rXp3zJ3kc__8,19,a
-6rXp3zJ3kc$_$8,-6rXp3zJ3kc__8,20,lot
-6rXp3zJ3kc$_$8,-6rXp3zJ3kc__8,21,of
-6rXp3zJ3kc$_$8,-6rXp3zJ3kc__8,22,time
-6rXp3zJ3kc$_$8,-6rXp3zJ3kc__8,23,and
-6rXp3zJ3kc$_$8,-6rXp3zJ3kc__8,24,money
-6rXp3zJ3kc$_$8,-6rXp3zJ3kc__8,25,in
-6rXp3zJ3kc$_$8,-6rXp3zJ3kc__8,26,placing
-6rXp3zJ3kc$_$8,-6rXp3zJ3kc__8,27,bets
-6rXp3zJ3kc$_$8,-6rXp3zJ3kc__8,28,on
-6rXp3zJ3kc$_$8,-6rXp3zJ3kc__8,29,stock
-6rXp3zJ3kc$_$8,-6rXp3zJ3kc__8,30,that's
-6rXp3zJ3kc$_$8,-6rXp3zJ3kc__8,31,ultimately
-6rXp3zJ3kc$_$8,-6rXp3zJ3kc__8,32,lost
-6rXp3zJ3kc$_$8,-6rXp3zJ3kc__8,33,value
-9y-fZ3swSY$_$0,-9y-fZ3swSY__0,0,is
-9y-fZ3swSY$_$0,-9y-fZ3swSY__0,1,you
-9y-fZ3swSY$_$0,-9y-fZ3swSY__0,2,can
-9y-fZ3swSY$_$0,-9y-fZ3swSY__0,3,say
-9y-fZ3swSY$_$0,-9y-fZ3swSY__0,4,hey
-9y-fZ3swSY$_$0,-9y-fZ3swSY__0,5,I
-9y-fZ3swSY$_$0,-9y-fZ3swSY__0,6,really
-9y-fZ3swSY$_$0,-9y-fZ3swSY__0,7,like
-9y-fZ3swSY$_$0,-9y-fZ3swSY__0,8,baby
-9y-fZ3swSY$_$0,-9y-fZ3swSY__0,9,skin
-9y-fZ3swSY$_$0,-9y-fZ3swSY__0,10,they
-9y-fZ3swSY$_$0,-9y-fZ3swSY__0,11,are
-9y-fZ3swSY$_$0,-9y-fZ3swSY__0,12,so
-9y-fZ3swSY$_$0,-9y-fZ3swSY__0,13,soft
-9y-fZ3swSY$_$0,-9y-fZ3swSY__0,14,they
-9y-fZ3swSY$_$0,-9y-fZ3swSY__0,15,don’t
-9y-fZ3swSY$_$0,-9y-fZ3swSY__0,16,have
-9y-fZ3swSY$_$0,-9y-fZ3swSY__0,17,any
-9y-fZ3swSY$_$0,-9y-fZ3swSY__0,18,hair
-9y-fZ3swSY$_$0,-9y-fZ3swSY__0,19,on
-9y-fZ3swSY$_$0,-9y-fZ3swSY__0,20,their
-9y-fZ3swSY$_$0,-9y-fZ3swSY__0,21,face
-9y-fZ3swSY$_$4,-9y-fZ3swSY__4,0,I’ve
-9y-fZ3swSY$_$4,-9y-fZ3swSY__4,1,seen
-9y-fZ3swSY$_$4,-9y-fZ3swSY__4,2,this
-9y-fZ3swSY$_$4,-9y-fZ3swSY__4,3,in
-9y-fZ3swSY$_$4,-9y-fZ3swSY__4,4,US
-9y-fZ3swSY$_$4,-9y-fZ3swSY__4,5,or
-9y-fZ3swSY$_$4,-9y-fZ3swSY__4,6,in
-9y-fZ3swSY$_$4,-9y-fZ3swSY__4,7,the
-9y-fZ3swSY$_$4,-9y-fZ3swSY__4,8,US
-9y-fZ3swSY$_$8,-9y-fZ3swSY__8,0,That’s
-9y-fZ3swSY$_$8,-9y-fZ3swSY__8,1,a
-9y-fZ3swSY$_$8,-9y-fZ3swSY__8,2,more
-9y-fZ3swSY$_$8,-9y-fZ3swSY__8,3,decent
-9y-fZ3swSY$_$8,-9y-fZ3swSY__8,4,and
-9y-fZ3swSY$_$8,-9y-fZ3swSY__8,5,more
-9y-fZ3swSY$_$8,-9y-fZ3swSY__8,6,polite
-9y-fZ3swSY$_$8,-9y-fZ3swSY__8,7,way
-9y-fZ3swSY$_$8,-9y-fZ3swSY__8,8,to
-9y-fZ3swSY$_$8,-9y-fZ3swSY__8,9,call
-9y-fZ3swSY$_$8,-9y-fZ3swSY__8,10,a
-9y-fZ3swSY$_$8,-9y-fZ3swSY__8,11,lady
-AUZQgSxyPQ$_$2,-AUZQgSxyPQ__2,0,The
-AUZQgSxyPQ$_$2,-AUZQgSxyPQ__2,1,perfect
-AUZQgSxyPQ$_$2,-AUZQgSxyPQ__2,2,soul
-AUZQgSxyPQ$_$2,-AUZQgSxyPQ__2,3,mate
-AUZQgSxyPQ$_$2,-AUZQgSxyPQ__2,4,to
-AUZQgSxyPQ$_$2,-AUZQgSxyPQ__2,5,the
-AUZQgSxyPQ$_$2,-AUZQgSxyPQ__2,6,Clarisonic
-AUZQgSxyPQ$_$2,-AUZQgSxyPQ__2,7,Spot
-AUZQgSxyPQ$_$2,-AUZQgSxyPQ__2,8,Therapy
-AUZQgSxyPQ$_$2,-AUZQgSxyPQ__2,9,Brush
-AUZQgSxyPQ$_$2,-AUZQgSxyPQ__2,10,this
-AUZQgSxyPQ$_$2,-AUZQgSxyPQ__2,11,gentle
-AUZQgSxyPQ$_$2,-AUZQgSxyPQ__2,12,Ph
-AUZQgSxyPQ$_$2,-AUZQgSxyPQ__2,13,balanced
-AUZQgSxyPQ$_$2,-AUZQgSxyPQ__2,14,and
-AUZQgSxyPQ$_$2,-AUZQgSxyPQ__2,15,hydrating
-AUZQgSxyPQ$_$2,-AUZQgSxyPQ__2,16,exfoliant
-AUZQgSxyPQ$_$2,-AUZQgSxyPQ__2,17,containing
-AUZQgSxyPQ$_$2,-AUZQgSxyPQ__2,18,jojoba
-AUZQgSxyPQ$_$2,-AUZQgSxyPQ__2,19,and
-AUZQgSxyPQ$_$2,-AUZQgSxyPQ__2,20,acai
-AUZQgSxyPQ$_$2,-AUZQgSxyPQ__2,21,fruit
-AUZQgSxyPQ$_$2,-AUZQgSxyPQ__2,22,oils
-AUZQgSxyPQ$_$2,-AUZQgSxyPQ__2,23,and
-AUZQgSxyPQ$_$2,-AUZQgSxyPQ__2,24,bamboo
-AUZQgSxyPQ$_$2,-AUZQgSxyPQ__2,25,and
-AUZQgSxyPQ$_$2,-AUZQgSxyPQ__2,26,prickly
-AUZQgSxyPQ$_$2,-AUZQgSxyPQ__2,27,bear
-AUZQgSxyPQ$_$2,-AUZQgSxyPQ__2,28,extracts
-AUZQgSxyPQ$_$2,-AUZQgSxyPQ__2,29,deliver
-AUZQgSxyPQ$_$2,-AUZQgSxyPQ__2,30,intense
-AUZQgSxyPQ$_$2,-AUZQgSxyPQ__2,31,healing
-AUZQgSxyPQ$_$2,-AUZQgSxyPQ__2,32,while
-AUZQgSxyPQ$_$2,-AUZQgSxyPQ__2,33,smooth
-AUZQgSxyPQ$_$2,-AUZQgSxyPQ__2,34,granules
-AUZQgSxyPQ$_$2,-AUZQgSxyPQ__2,35,buff
-AUZQgSxyPQ$_$2,-AUZQgSxyPQ__2,36,away
-AUZQgSxyPQ$_$2,-AUZQgSxyPQ__2,37,dead
-AUZQgSxyPQ$_$2,-AUZQgSxyPQ__2,38,dry
-AUZQgSxyPQ$_$2,-AUZQgSxyPQ__2,39,skin
-AUZQgSxyPQ$_$2,-AUZQgSxyPQ__2,40,cells
-HeZS2-Prhc$_$2,-HeZS2-Prhc__2,0,The
-HeZS2-Prhc$_$2,-HeZS2-Prhc__2,1,August
-HeZS2-Prhc$_$2,-HeZS2-Prhc__2,2,jobs
-HeZS2-Prhc$_$2,-HeZS2-Prhc__2,3,report
-HeZS2-Prhc$_$2,-HeZS2-Prhc__2,4,is
-HeZS2-Prhc$_$2,-HeZS2-Prhc__2,5,out
-HeZS2-Prhc$_$2,-HeZS2-Prhc__2,6,and
-HeZS2-Prhc$_$2,-HeZS2-Prhc__2,7,it
-HeZS2-Prhc$_$2,-HeZS2-Prhc__2,8,was
-HeZS2-Prhc$_$2,-HeZS2-Prhc__2,9,seen
-HeZS2-Prhc$_$2,-HeZS2-Prhc__2,10,overall
-HeZS2-Prhc$_$2,-HeZS2-Prhc__2,11,as
-HeZS2-Prhc$_$2,-HeZS2-Prhc__2,12,solid
-HeZS2-Prhc$_$2,-HeZS2-Prhc__2,13,but
-HeZS2-Prhc$_$2,-HeZS2-Prhc__2,14,not
-HeZS2-Prhc$_$2,-HeZS2-Prhc__2,15,great
-MeTTeMJBNc$_$0,-MeTTeMJBNc__0,0,Okay
-MeTTeMJBNc$_$0,-MeTTeMJBNc__0,1,what
-MeTTeMJBNc$_$0,-MeTTeMJBNc__0,2,happens
-MeTTeMJBNc$_$0,-MeTTeMJBNc__0,3,at
-MeTTeMJBNc$_$0,-MeTTeMJBNc__0,4,this
-MeTTeMJBNc$_$0,-MeTTeMJBNc__0,5,point
-MeTTeMJBNc$_$0,-MeTTeMJBNc__0,6,after
-MeTTeMJBNc$_$0,-MeTTeMJBNc__0,7,we've
-MeTTeMJBNc$_$0,-MeTTeMJBNc__0,8,taken
-MeTTeMJBNc$_$0,-MeTTeMJBNc__0,9,this
-MeTTeMJBNc$_$0,-MeTTeMJBNc__0,10,brief
-MeTTeMJBNc$_$0,-MeTTeMJBNc__0,11,walk
-MeTTeMJBNc$_$0,-MeTTeMJBNc__0,12,down
-MeTTeMJBNc$_$0,-MeTTeMJBNc__0,13,memory
-MeTTeMJBNc$_$0,-MeTTeMJBNc__0,14,lane
-MeTTeMJBNc$_$0,-MeTTeMJBNc__0,15,is
-MeTTeMJBNc$_$0,-MeTTeMJBNc__0,16,the
-MeTTeMJBNc$_$0,-MeTTeMJBNc__0,17,presentation
-MeTTeMJBNc$_$0,-MeTTeMJBNc__0,18,of
-MeTTeMJBNc$_$0,-MeTTeMJBNc__0,19,the
-MeTTeMJBNc$_$0,-MeTTeMJBNc__0,20,gift
-MeTTeMJBNc$_$13,-MeTTeMJBNc__13,0,It
-MeTTeMJBNc$_$13,-MeTTeMJBNc__13,1,just
-MeTTeMJBNc$_$13,-MeTTeMJBNc__13,2,needs
-MeTTeMJBNc$_$13,-MeTTeMJBNc__13,3,to
-MeTTeMJBNc$_$13,-MeTTeMJBNc__13,4,be
-MeTTeMJBNc$_$13,-MeTTeMJBNc__13,5,a
-MeTTeMJBNc$_$13,-MeTTeMJBNc__13,6,simple
-MeTTeMJBNc$_$13,-MeTTeMJBNc__13,7,statement
-MeTTeMJBNc$_$13,-MeTTeMJBNc__13,8,and
-MeTTeMJBNc$_$13,-MeTTeMJBNc__13,9,then
-MeTTeMJBNc$_$13,-MeTTeMJBNc__13,10,you
-MeTTeMJBNc$_$13,-MeTTeMJBNc__13,11,present
-MeTTeMJBNc$_$13,-MeTTeMJBNc__13,12,the
-MeTTeMJBNc$_$13,-MeTTeMJBNc__13,13,gift
-MeTTeMJBNc$_$7,-MeTTeMJBNc__7,0,Maybe
-MeTTeMJBNc$_$7,-MeTTeMJBNc__7,1,you
-MeTTeMJBNc$_$7,-MeTTeMJBNc__7,2,could
-MeTTeMJBNc$_$7,-MeTTeMJBNc__7,3,find
-MeTTeMJBNc$_$7,-MeTTeMJBNc__7,4,a
-MeTTeMJBNc$_$7,-MeTTeMJBNc__7,5,picture
-MeTTeMJBNc$_$7,-MeTTeMJBNc__7,6,of
-MeTTeMJBNc$_$7,-MeTTeMJBNc__7,7,the
-MeTTeMJBNc$_$7,-MeTTeMJBNc__7,8,couple
-MeTTeMJBNc$_$7,-MeTTeMJBNc__7,9,from
-MeTTeMJBNc$_$7,-MeTTeMJBNc__7,10,their
-MeTTeMJBNc$_$7,-MeTTeMJBNc__7,11,wedding
-MeTTeMJBNc$_$7,-MeTTeMJBNc__7,12,or
-MeTTeMJBNc$_$7,-MeTTeMJBNc__7,13,sometime
-MeTTeMJBNc$_$7,-MeTTeMJBNc__7,14,in
-MeTTeMJBNc$_$7,-MeTTeMJBNc__7,15,their
-MeTTeMJBNc$_$7,-MeTTeMJBNc__7,16,life
-MeTTeMJBNc$_$7,-MeTTeMJBNc__7,17,or
-MeTTeMJBNc$_$7,-MeTTeMJBNc__7,18,maybe
-MeTTeMJBNc$_$7,-MeTTeMJBNc__7,19,even
-MeTTeMJBNc$_$7,-MeTTeMJBNc__7,20,a
-MeTTeMJBNc$_$7,-MeTTeMJBNc__7,21,current
-MeTTeMJBNc$_$7,-MeTTeMJBNc__7,22,picture
-MeTTeMJBNc$_$7,-MeTTeMJBNc__7,23,and
-MeTTeMJBNc$_$7,-MeTTeMJBNc__7,24,have
-MeTTeMJBNc$_$7,-MeTTeMJBNc__7,25,it
-MeTTeMJBNc$_$7,-MeTTeMJBNc__7,26,put
-MeTTeMJBNc$_$7,-MeTTeMJBNc__7,27,in
-MeTTeMJBNc$_$7,-MeTTeMJBNc__7,28,a
-MeTTeMJBNc$_$7,-MeTTeMJBNc__7,29,beautiful
-MeTTeMJBNc$_$7,-MeTTeMJBNc__7,30,frame
-RfYyzHpjk4$_$11,-RfYyzHpjk4__11,0,So
-RfYyzHpjk4$_$11,-RfYyzHpjk4__11,1,get
-RfYyzHpjk4$_$11,-RfYyzHpjk4__11,2,your
-RfYyzHpjk4$_$11,-RfYyzHpjk4__11,3,friends
-RfYyzHpjk4$_$11,-RfYyzHpjk4__11,4,lined
-RfYyzHpjk4$_$11,-RfYyzHpjk4__11,5,up
-RfYyzHpjk4$_$11,-RfYyzHpjk4__11,6,get
-RfYyzHpjk4$_$11,-RfYyzHpjk4__11,7,your
-RfYyzHpjk4$_$11,-RfYyzHpjk4__11,8,business
-RfYyzHpjk4$_$11,-RfYyzHpjk4__11,9,colleagues
-RfYyzHpjk4$_$11,-RfYyzHpjk4__11,10,lined
-RfYyzHpjk4$_$11,-RfYyzHpjk4__11,11,up
-RfYyzHpjk4$_$11,-RfYyzHpjk4__11,12,and
-RfYyzHpjk4$_$11,-RfYyzHpjk4__11,13,have
-RfYyzHpjk4$_$11,-RfYyzHpjk4__11,14,a
-RfYyzHpjk4$_$11,-RfYyzHpjk4__11,15,good
-RfYyzHpjk4$_$11,-RfYyzHpjk4__11,16,time
-RfYyzHpjk4$_$8,-RfYyzHpjk4__8,0,It's
-RfYyzHpjk4$_$8,-RfYyzHpjk4__8,1,pretty
-RfYyzHpjk4$_$8,-RfYyzHpjk4__8,2,pretty
-RfYyzHpjk4$_$8,-RfYyzHpjk4__8,3,easy
-RfYyzHpjk4$_$8,-RfYyzHpjk4__8,4,to
-RfYyzHpjk4$_$8,-RfYyzHpjk4__8,5,do
-RfYyzHpjk4$_$8,-RfYyzHpjk4__8,6,but
-RfYyzHpjk4$_$8,-RfYyzHpjk4__8,7,you
-RfYyzHpjk4$_$8,-RfYyzHpjk4__8,8,got
-RfYyzHpjk4$_$8,-RfYyzHpjk4__8,9,to
-RfYyzHpjk4$_$8,-RfYyzHpjk4__8,10,set
-RfYyzHpjk4$_$8,-RfYyzHpjk4__8,11,up
-RfYyzHpjk4$_$8,-RfYyzHpjk4__8,12,those
-RfYyzHpjk4$_$8,-RfYyzHpjk4__8,13,numbers
-RfYyzHpjk4$_$8,-RfYyzHpjk4__8,14,ahead
-RfYyzHpjk4$_$8,-RfYyzHpjk4__8,15,of
-RfYyzHpjk4$_$8,-RfYyzHpjk4__8,16,time
-RfYyzHpjk4$_$2,-RfYyzHpjk4__2,0,You
-RfYyzHpjk4$_$2,-RfYyzHpjk4__2,1,can
-RfYyzHpjk4$_$2,-RfYyzHpjk4__2,2,make
-RfYyzHpjk4$_$2,-RfYyzHpjk4__2,3,a
-RfYyzHpjk4$_$2,-RfYyzHpjk4__2,4,conference
-RfYyzHpjk4$_$2,-RfYyzHpjk4__2,5,call
-RfYyzHpjk4$_$2,-RfYyzHpjk4__2,6,but
-RfYyzHpjk4$_$2,-RfYyzHpjk4__2,7,it
-RfYyzHpjk4$_$2,-RfYyzHpjk4__2,8,takes
-RfYyzHpjk4$_$2,-RfYyzHpjk4__2,9,quite
-RfYyzHpjk4$_$2,-RfYyzHpjk4__2,10,a
-RfYyzHpjk4$_$2,-RfYyzHpjk4__2,11,bit
-RfYyzHpjk4$_$2,-RfYyzHpjk4__2,12,of
-RfYyzHpjk4$_$2,-RfYyzHpjk4__2,13,planning
-RfYyzHpjk4$_$2,-RfYyzHpjk4__2,14,well
-RfYyzHpjk4$_$2,-RfYyzHpjk4__2,15,not
-RfYyzHpjk4$_$2,-RfYyzHpjk4__2,16,a
-RfYyzHpjk4$_$2,-RfYyzHpjk4__2,17,lot
-RfYyzHpjk4$_$2,-RfYyzHpjk4__2,18,of
-RfYyzHpjk4$_$2,-RfYyzHpjk4__2,19,planning
-RfYyzHpjk4$_$2,-RfYyzHpjk4__2,20,it's
-RfYyzHpjk4$_$2,-RfYyzHpjk4__2,21,pretty
-RfYyzHpjk4$_$2,-RfYyzHpjk4__2,22,easy
-RfYyzHpjk4$_$2,-RfYyzHpjk4__2,23,to
-RfYyzHpjk4$_$2,-RfYyzHpjk4__2,24,do
-UUCSKoHeMA$_$0,-UUCSKoHeMA__0,0,I
-UUCSKoHeMA$_$0,-UUCSKoHeMA__0,1,mentioned
-UUCSKoHeMA$_$0,-UUCSKoHeMA__0,2,a
-UUCSKoHeMA$_$0,-UUCSKoHeMA__0,3,word
-UUCSKoHeMA$_$0,-UUCSKoHeMA__0,4,in
-UUCSKoHeMA$_$0,-UUCSKoHeMA__0,5,the
-UUCSKoHeMA$_$0,-UUCSKoHeMA__0,6,last
-UUCSKoHeMA$_$0,-UUCSKoHeMA__0,7,clip
-UUCSKoHeMA$_$0,-UUCSKoHeMA__0,8,called
-UUCSKoHeMA$_$0,-UUCSKoHeMA__0,9,monotone
-UUCSKoHeMA$_$0,-UUCSKoHeMA__0,10,and
-UUCSKoHeMA$_$0,-UUCSKoHeMA__0,11,I
-UUCSKoHeMA$_$0,-UUCSKoHeMA__0,12,want
-UUCSKoHeMA$_$0,-UUCSKoHeMA__0,13,to
-UUCSKoHeMA$_$0,-UUCSKoHeMA__0,14,talk
-UUCSKoHeMA$_$0,-UUCSKoHeMA__0,15,about
-UUCSKoHeMA$_$0,-UUCSKoHeMA__0,16,that
-UUCSKoHeMA$_$0,-UUCSKoHeMA__0,17,briefly
-ri04Z7vwnc$_$0,-ri04Z7vwnc__0,0,going
-ri04Z7vwnc$_$0,-ri04Z7vwnc__0,1,to
-ri04Z7vwnc$_$0,-ri04Z7vwnc__0,2,get
-ri04Z7vwnc$_$0,-ri04Z7vwnc__0,3,married
-ri04Z7vwnc$_$0,-ri04Z7vwnc__0,4,or
-ri04Z7vwnc$_$0,-ri04Z7vwnc__0,5,are
-ri04Z7vwnc$_$0,-ri04Z7vwnc__0,6,already
-ri04Z7vwnc$_$0,-ri04Z7vwnc__0,7,married
-ri04Z7vwnc$_$2,-ri04Z7vwnc__2,0,most
-ri04Z7vwnc$_$2,-ri04Z7vwnc__2,1,people
-ri04Z7vwnc$_$2,-ri04Z7vwnc__2,2,think
-ri04Z7vwnc$_$2,-ri04Z7vwnc__2,3,it'll
-ri04Z7vwnc$_$2,-ri04Z7vwnc__2,4,sort
-ri04Z7vwnc$_$2,-ri04Z7vwnc__2,5,itself
-ri04Z7vwnc$_$2,-ri04Z7vwnc__2,6,out
-ri04Z7vwnc$_$2,-ri04Z7vwnc__2,7,we'll
-ri04Z7vwnc$_$2,-ri04Z7vwnc__2,8,discuss
-ri04Z7vwnc$_$2,-ri04Z7vwnc__2,9,it
-ri04Z7vwnc$_$2,-ri04Z7vwnc__2,10,later
-ri04Z7vwnc$_$2,-ri04Z7vwnc__2,11,it's
-ri04Z7vwnc$_$2,-ri04Z7vwnc__2,12,not
-ri04Z7vwnc$_$2,-ri04Z7vwnc__2,13,something
-ri04Z7vwnc$_$2,-ri04Z7vwnc__2,14,too
-ri04Z7vwnc$_$2,-ri04Z7vwnc__2,15,important
-ri04Z7vwnc$_$5,-ri04Z7vwnc__5,0,So
-ri04Z7vwnc$_$5,-ri04Z7vwnc__5,1,I
-ri04Z7vwnc$_$5,-ri04Z7vwnc__5,2,think
-ri04Z7vwnc$_$5,-ri04Z7vwnc__5,3,it's
-ri04Z7vwnc$_$5,-ri04Z7vwnc__5,4,important
-ri04Z7vwnc$_$5,-ri04Z7vwnc__5,5,to
-ri04Z7vwnc$_$5,-ri04Z7vwnc__5,6,discuss
-ri04Z7vwnc$_$5,-ri04Z7vwnc__5,7,finances
-s9qJ7ATP7w$_$1,-s9qJ7ATP7w__1,0,But
-s9qJ7ATP7w$_$1,-s9qJ7ATP7w__1,1,the
-s9qJ7ATP7w$_$1,-s9qJ7ATP7w__1,2,hardest
-s9qJ7ATP7w$_$1,-s9qJ7ATP7w__1,3,thing
-s9qJ7ATP7w$_$1,-s9qJ7ATP7w__1,4,in
-s9qJ7ATP7w$_$1,-s9qJ7ATP7w__1,5,life
-s9qJ7ATP7w$_$1,-s9qJ7ATP7w__1,6,to
-s9qJ7ATP7w$_$1,-s9qJ7ATP7w__1,7,learn
-s9qJ7ATP7w$_$1,-s9qJ7ATP7w__1,8,is
-s9qJ7ATP7w$_$1,-s9qJ7ATP7w__1,9,to
-s9qJ7ATP7w$_$1,-s9qJ7ATP7w__1,10,lose
-s9qJ7ATP7w$_$0,-s9qJ7ATP7w__0,0,they
-s9qJ7ATP7w$_$0,-s9qJ7ATP7w__0,1,have
-s9qJ7ATP7w$_$0,-s9qJ7ATP7w__0,2,doubt
-s9qJ7ATP7w$_$0,-s9qJ7ATP7w__0,3,they
-s9qJ7ATP7w$_$0,-s9qJ7ATP7w__0,4,have
-s9qJ7ATP7w$_$0,-s9qJ7ATP7w__0,5,fear
-s9qJ7ATP7w$_$0,-s9qJ7ATP7w__0,6,they
-s9qJ7ATP7w$_$0,-s9qJ7ATP7w__0,7,lose
-s9qJ7ATP7w$_$0,-s9qJ7ATP7w__0,8,in
-s9qJ7ATP7w$_$0,-s9qJ7ATP7w__0,9,a
-s9qJ7ATP7w$_$0,-s9qJ7ATP7w__0,10,Ferrari
-s9qJ7ATP7w$_$0,-s9qJ7ATP7w__0,11,race
-s9qJ7ATP7w$_$0,-s9qJ7ATP7w__0,12,or
-s9qJ7ATP7w$_$0,-s9qJ7ATP7w__0,13,they
-s9qJ7ATP7w$_$0,-s9qJ7ATP7w__0,14,lose
-s9qJ7ATP7w$_$0,-s9qJ7ATP7w__0,15,in
-s9qJ7ATP7w$_$0,-s9qJ7ATP7w__0,16,a
-s9qJ7ATP7w$_$0,-s9qJ7ATP7w__0,17,race
-s9qJ7ATP7w$_$0,-s9qJ7ATP7w__0,18,and
-s9qJ7ATP7w$_$0,-s9qJ7ATP7w__0,19,then
-s9qJ7ATP7w$_$0,-s9qJ7ATP7w__0,20,they
-s9qJ7ATP7w$_$0,-s9qJ7ATP7w__0,21,just
-s9qJ7ATP7w$_$0,-s9qJ7ATP7w__0,22,give
-s9qJ7ATP7w$_$0,-s9qJ7ATP7w__0,23,up
-s9qJ7ATP7w$_$5,-s9qJ7ATP7w__5,0,I
-s9qJ7ATP7w$_$5,-s9qJ7ATP7w__5,1,have
-s9qJ7ATP7w$_$5,-s9qJ7ATP7w__5,2,been
-s9qJ7ATP7w$_$5,-s9qJ7ATP7w__5,3,beat
-s9qJ7ATP7w$_$5,-s9qJ7ATP7w__5,4,up
-s9qJ7ATP7w$_$5,-s9qJ7ATP7w__5,5,and
-s9qJ7ATP7w$_$5,-s9qJ7ATP7w__5,6,put
-s9qJ7ATP7w$_$5,-s9qJ7ATP7w__5,7,down
-s9qJ7ATP7w$_$5,-s9qJ7ATP7w__5,8,and
-s9qJ7ATP7w$_$5,-s9qJ7ATP7w__5,9,everything
-s9qJ7ATP7w$_$5,-s9qJ7ATP7w__5,10,that
-s9qJ7ATP7w$_$5,-s9qJ7ATP7w__5,11,can
-s9qJ7ATP7w$_$5,-s9qJ7ATP7w__5,12,go
-s9qJ7ATP7w$_$5,-s9qJ7ATP7w__5,13,wrong
-s9qJ7ATP7w$_$5,-s9qJ7ATP7w__5,14,has
-s9qJ7ATP7w$_$5,-s9qJ7ATP7w__5,15,gone
-s9qJ7ATP7w$_$5,-s9qJ7ATP7w__5,16,wrong
-s9qJ7ATP7w$_$5,-s9qJ7ATP7w__5,17,for
-s9qJ7ATP7w$_$5,-s9qJ7ATP7w__5,18,me
-s9qJ7ATP7w$_$4,-s9qJ7ATP7w__4,0,I
-s9qJ7ATP7w$_$4,-s9qJ7ATP7w__4,1,have
-s9qJ7ATP7w$_$4,-s9qJ7ATP7w__4,2,lost
-s9qJ7ATP7w$_$4,-s9qJ7ATP7w__4,3,at
-s9qJ7ATP7w$_$4,-s9qJ7ATP7w__4,4,everything
-s9qJ7ATP7w$_$4,-s9qJ7ATP7w__4,5,you
-s9qJ7ATP7w$_$4,-s9qJ7ATP7w__4,6,can
-s9qJ7ATP7w$_$4,-s9qJ7ATP7w__4,7,imagine
-s9qJ7ATP7w$_$4,-s9qJ7ATP7w__4,8,seriously
-s9qJ7ATP7w$_$7,-s9qJ7ATP7w__7,0,I
-s9qJ7ATP7w$_$7,-s9qJ7ATP7w__7,1,used
-s9qJ7ATP7w$_$7,-s9qJ7ATP7w__7,2,to
-s9qJ7ATP7w$_$7,-s9qJ7ATP7w__7,3,work
-s9qJ7ATP7w$_$7,-s9qJ7ATP7w__7,4,for
-s9qJ7ATP7w$_$7,-s9qJ7ATP7w__7,5,Warren
-s9qJ7ATP7w$_$7,-s9qJ7ATP7w__7,6,Avis
-s9qJ7ATP7w$_$7,-s9qJ7ATP7w__7,7,the
-s9qJ7ATP7w$_$7,-s9qJ7ATP7w__7,8,guy
-s9qJ7ATP7w$_$7,-s9qJ7ATP7w__7,9,who
-s9qJ7ATP7w$_$7,-s9qJ7ATP7w__7,10,started
-s9qJ7ATP7w$_$7,-s9qJ7ATP7w__7,11,Avis
-s9qJ7ATP7w$_$7,-s9qJ7ATP7w__7,12,Rent
-s9qJ7ATP7w$_$7,-s9qJ7ATP7w__7,13,a
-s9qJ7ATP7w$_$7,-s9qJ7ATP7w__7,14,Car
-s9qJ7ATP7w$_$7,-s9qJ7ATP7w__7,15,and
-s9qJ7ATP7w$_$7,-s9qJ7ATP7w__7,16,he
-s9qJ7ATP7w$_$7,-s9qJ7ATP7w__7,17,said
-s9qJ7ATP7w$_$7,-s9qJ7ATP7w__7,18,to
-s9qJ7ATP7w$_$7,-s9qJ7ATP7w__7,19,me
-s9qJ7ATP7w$_$7,-s9qJ7ATP7w__7,20,one
-s9qJ7ATP7w$_$7,-s9qJ7ATP7w__7,21,day
-s9qJ7ATP7w$_$7,-s9qJ7ATP7w__7,22,Robert
-s9qJ7ATP7w$_$7,-s9qJ7ATP7w__7,23,what's
-s9qJ7ATP7w$_$7,-s9qJ7ATP7w__7,24,the
-s9qJ7ATP7w$_$7,-s9qJ7ATP7w__7,25,purpose
-s9qJ7ATP7w$_$7,-s9qJ7ATP7w__7,26,of
-s9qJ7ATP7w$_$7,-s9qJ7ATP7w__7,27,business
-s9qJ7ATP7w$_$6,-s9qJ7ATP7w__6,0,But
-s9qJ7ATP7w$_$6,-s9qJ7ATP7w__6,1,I
-s9qJ7ATP7w$_$6,-s9qJ7ATP7w__6,2,just
-s9qJ7ATP7w$_$6,-s9qJ7ATP7w__6,3,kept
-s9qJ7ATP7w$_$6,-s9qJ7ATP7w__6,4,going
-s9qJ7ATP7w$_$8,-s9qJ7ATP7w__8,0,And
-s9qJ7ATP7w$_$8,-s9qJ7ATP7w__8,1,I
-s9qJ7ATP7w$_$8,-s9qJ7ATP7w__8,2,said
-s9qJ7ATP7w$_$8,-s9qJ7ATP7w__8,3,Oh
-s9qJ7ATP7w$_$8,-s9qJ7ATP7w__8,4,make
-s9qJ7ATP7w$_$8,-s9qJ7ATP7w__8,5,a
-s9qJ7ATP7w$_$8,-s9qJ7ATP7w__8,6,profit
-s9qJ7ATP7w$_$8,-s9qJ7ATP7w__8,7,and
-s9qJ7ATP7w$_$8,-s9qJ7ATP7w__8,8,all
-s9qJ7ATP7w$_$8,-s9qJ7ATP7w__8,9,these
-s9qJ7ATP7w$_$8,-s9qJ7ATP7w__8,10,other
-s9qJ7ATP7w$_$8,-s9qJ7ATP7w__8,11,things
-yRb-Jum7EQ$_$1,-yRb-Jum7EQ__1,0,it
-yRb-Jum7EQ$_$1,-yRb-Jum7EQ__1,1,comes
-yRb-Jum7EQ$_$1,-yRb-Jum7EQ__1,2,with
-yRb-Jum7EQ$_$1,-yRb-Jum7EQ__1,3,the
-yRb-Jum7EQ$_$1,-yRb-Jum7EQ__1,4,assistance
-yRb-Jum7EQ$_$1,-yRb-Jum7EQ__1,5,and
-yRb-Jum7EQ$_$1,-yRb-Jum7EQ__1,6,agitation
-yRb-Jum7EQ$_$1,-yRb-Jum7EQ__1,7,of
-yRb-Jum7EQ$_$1,-yRb-Jum7EQ__1,8,states
-yRb-Jum7EQ$_$1,-yRb-Jum7EQ__1,9,and
-yRb-Jum7EQ$_$1,-yRb-Jum7EQ__1,10,regimes
-yRb-Jum7EQ$_$1,-yRb-Jum7EQ__1,11,Yesterday
-yRb-Jum7EQ$_$1,-yRb-Jum7EQ__1,12,Iran
-yRb-Jum7EQ$_$1,-yRb-Jum7EQ__1,13,announced
-yRb-Jum7EQ$_$1,-yRb-Jum7EQ__1,14,that
-yRb-Jum7EQ$_$1,-yRb-Jum7EQ__1,15,it
-yRb-Jum7EQ$_$1,-yRb-Jum7EQ__1,16,will
-yRb-Jum7EQ$_$1,-yRb-Jum7EQ__1,17,finance
-yRb-Jum7EQ$_$1,-yRb-Jum7EQ__1,18,the
-yRb-Jum7EQ$_$1,-yRb-Jum7EQ__1,19,families
-yRb-Jum7EQ$_$1,-yRb-Jum7EQ__1,20,of
-yRb-Jum7EQ$_$1,-yRb-Jum7EQ__1,21,the
-yRb-Jum7EQ$_$1,-yRb-Jum7EQ__1,22,terrorists
-yRb-Jum7EQ$_$1,-yRb-Jum7EQ__1,23,and
-yRb-Jum7EQ$_$1,-yRb-Jum7EQ__1,24,murderers
-yRb-Jum7EQ$_$1,-yRb-Jum7EQ__1,25,this
-yRb-Jum7EQ$_$1,-yRb-Jum7EQ__1,26,shows
-yRb-Jum7EQ$_$1,-yRb-Jum7EQ__1,27,that
-yRb-Jum7EQ$_$1,-yRb-Jum7EQ__1,28,Iran
-yRb-Jum7EQ$_$1,-yRb-Jum7EQ__1,29,even
-yRb-Jum7EQ$_$1,-yRb-Jum7EQ__1,30,after
-yRb-Jum7EQ$_$1,-yRb-Jum7EQ__1,31,the
-yRb-Jum7EQ$_$1,-yRb-Jum7EQ__1,32,nuclear
-yRb-Jum7EQ$_$1,-yRb-Jum7EQ__1,33,agreement
-yRb-Jum7EQ$_$1,-yRb-Jum7EQ__1,34,is
-yRb-Jum7EQ$_$1,-yRb-Jum7EQ__1,35,continuing
-yRb-Jum7EQ$_$1,-yRb-Jum7EQ__1,36,to
-yRb-Jum7EQ$_$1,-yRb-Jum7EQ__1,37,aid
-yRb-Jum7EQ$_$1,-yRb-Jum7EQ__1,38,terrorism
-yRb-Jum7EQ$_$1,-yRb-Jum7EQ__1,39,including
-yRb-Jum7EQ$_$1,-yRb-Jum7EQ__1,40,Palestinian
-yRb-Jum7EQ$_$1,-yRb-Jum7EQ__1,41,terrorism
-yRb-Jum7EQ$_$1,-yRb-Jum7EQ__1,42,Hezbollah
-yRb-Jum7EQ$_$1,-yRb-Jum7EQ__1,43,terrorism
-yRb-Jum7EQ$_$1,-yRb-Jum7EQ__1,44,and
-yRb-Jum7EQ$_$1,-yRb-Jum7EQ__1,45,its
-yRb-Jum7EQ$_$1,-yRb-Jum7EQ__1,46,assistance
-yRb-Jum7EQ$_$1,-yRb-Jum7EQ__1,47,to
-yRb-Jum7EQ$_$1,-yRb-Jum7EQ__1,48,Hamas
-yRb-Jum7EQ$_$5,-yRb-Jum7EQ__5,0,Yesterday
-yRb-Jum7EQ$_$5,-yRb-Jum7EQ__5,1,Eliav
-yRb-Jum7EQ$_$5,-yRb-Jum7EQ__5,2,Gelman
-yRb-Jum7EQ$_$5,-yRb-Jum7EQ__5,3,lost
-yRb-Jum7EQ$_$5,-yRb-Jum7EQ__5,4,his
-yRb-Jum7EQ$_$5,-yRb-Jum7EQ__5,5,life
-yRb-Jum7EQ$_$5,-yRb-Jum7EQ__5,6,in
-yRb-Jum7EQ$_$5,-yRb-Jum7EQ__5,7,another
-yRb-Jum7EQ$_$5,-yRb-Jum7EQ__5,8,terrorist
-yRb-Jum7EQ$_$5,-yRb-Jum7EQ__5,9,attack
-yRb-Jum7EQ$_$5,-yRb-Jum7EQ__5,10,not
-yRb-Jum7EQ$_$5,-yRb-Jum7EQ__5,11,by
-yRb-Jum7EQ$_$5,-yRb-Jum7EQ__5,12,the
-yRb-Jum7EQ$_$5,-yRb-Jum7EQ__5,13,students
-yRb-Jum7EQ$_$5,-yRb-Jum7EQ__5,14,of
-yRb-Jum7EQ$_$5,-yRb-Jum7EQ__5,15,terrorism
-yRb-Jum7EQ$_$5,-yRb-Jum7EQ__5,16,but
-yRb-Jum7EQ$_$5,-yRb-Jum7EQ__5,17,by
-yRb-Jum7EQ$_$5,-yRb-Jum7EQ__5,18,those
-yRb-Jum7EQ$_$5,-yRb-Jum7EQ__5,19,who
-yRb-Jum7EQ$_$5,-yRb-Jum7EQ__5,20,teach
-yRb-Jum7EQ$_$5,-yRb-Jum7EQ__5,21,terrorism
-yRb-Jum7EQ$_$5,-yRb-Jum7EQ__5,22,a
-yRb-Jum7EQ$_$5,-yRb-Jum7EQ__5,23,Palestinian
-yRb-Jum7EQ$_$5,-yRb-Jum7EQ__5,24,teacher
-yRb-Jum7EQ$_$6,-yRb-Jum7EQ__6,0,Therefore
-yRb-Jum7EQ$_$6,-yRb-Jum7EQ__6,1,the
-yRb-Jum7EQ$_$6,-yRb-Jum7EQ__6,2,world
-yRb-Jum7EQ$_$6,-yRb-Jum7EQ__6,3,needs
-yRb-Jum7EQ$_$6,-yRb-Jum7EQ__6,4,to
-yRb-Jum7EQ$_$6,-yRb-Jum7EQ__6,5,stand
-yRb-Jum7EQ$_$6,-yRb-Jum7EQ__6,6,with
-yRb-Jum7EQ$_$6,-yRb-Jum7EQ__6,7,Israel
-yRb-Jum7EQ$_$6,-yRb-Jum7EQ__6,8,against
-yRb-Jum7EQ$_$6,-yRb-Jum7EQ__6,9,this
-yRb-Jum7EQ$_$6,-yRb-Jum7EQ__6,10,incitement
-yRb-Jum7EQ$_$6,-yRb-Jum7EQ__6,11,which
-yRb-Jum7EQ$_$6,-yRb-Jum7EQ__6,12,is
-yRb-Jum7EQ$_$6,-yRb-Jum7EQ__6,13,the
-yRb-Jum7EQ$_$6,-yRb-Jum7EQ__6,14,number
-yRb-Jum7EQ$_$6,-yRb-Jum7EQ__6,15,one
-yRb-Jum7EQ$_$6,-yRb-Jum7EQ__6,16,cause
-yRb-Jum7EQ$_$6,-yRb-Jum7EQ__6,17,of
-yRb-Jum7EQ$_$6,-yRb-Jum7EQ__6,18,terrorism
